-- phpMyAdmin SQL Dump
-- version 3.4.5deb1
-- http://www.phpmyadmin.net
--
-- Host: localhost
-- Generation Time: Nov 08, 2012 at 04:28 AM
-- Server version: 5.1.63
-- PHP Version: 5.3.6-13ubuntu3.9

SET SQL_MODE="NO_AUTO_VALUE_ON_ZERO";
SET time_zone = "+00:00";


/*!40101 SET @OLD_CHARACTER_SET_CLIENT=@@CHARACTER_SET_CLIENT */;
/*!40101 SET @OLD_CHARACTER_SET_RESULTS=@@CHARACTER_SET_RESULTS */;
/*!40101 SET @OLD_COLLATION_CONNECTION=@@COLLATION_CONNECTION */;
/*!40101 SET NAMES utf8 */;

--
-- Database: `COMS`
--

-- --------------------------------------------------------

--
-- Table structure for table `conference`
--

CREATE TABLE IF NOT EXISTS `conference` (
  `conf_ID` int(11) NOT NULL AUTO_INCREMENT,
  `conf_name` varchar(50) DEFAULT NULL,
  `start_date` date DEFAULT NULL,
  `end_date` date DEFAULT NULL,
  `address` varchar(200) DEFAULT NULL,
  `description` varchar(300) DEFAULT NULL,
  PRIMARY KEY (`conf_ID`)
) ENGINE=InnoDB  DEFAULT CHARSET=latin1 AUTO_INCREMENT=7 ;

--
-- Dumping data for table `conference`
--

INSERT INTO `conference` (`conf_ID`, `conf_name`, `start_date`, `end_date`, `address`, `description`) VALUES
(1, 'conf1', '2012-11-22', '2012-11-18', 'addresss1', '1st conference'),
(2, 'conf2', '2012-11-15', '2012-11-19', 'address2', '2nd conference'),
(3, 'conf3', '2012-11-16', '2012-11-20', 'address3', '3rd conference'),
(4, 'conf4', '2012-11-19', '2012-11-21', 'IIT Bombay', 'Conference 4'),
(5, 'conf5', '2012-11-19', '2012-11-20', 'IIT Bombay', 'conference 5'),
(6, 'conf6', '2012-11-13', '2012-11-21', 'IIT Bombay', 'Conference 6');

-- --------------------------------------------------------

--
-- Table structure for table `conf_topics`
--

CREATE TABLE IF NOT EXISTS `conf_topics` (
  `conf_ID` int(11) NOT NULL,
  `topic` varchar(150) DEFAULT NULL,
  KEY `conf_ID` (`conf_ID`)
) ENGINE=InnoDB DEFAULT CHARSET=latin1;

--
-- Dumping data for table `conf_topics`
--

INSERT INTO `conf_topics` (`conf_ID`, `topic`) VALUES
(1, 'Aeronautical Structures'),
(1, 'Applied Probability'),
(1, 'Bayesian Methods'),
(1, 'Biomechanics'),
(1, 'Bioengineering'),
(1, 'Computational Methods'),
(1, 'Computer Architecture'),
(1, 'Earthquake Engineering'),
(1, 'Electrical Engineering'),
(2, 'Aeronautical Structures'),
(2, 'Applied Probability'),
(2, 'Bayesian Methods'),
(2, 'Biomechanics'),
(2, 'Bioengineering'),
(2, 'Computational Methods'),
(2, 'Computer Architecture'),
(2, 'Earthquake Engineering'),
(2, 'Electrical Engineering'),
(3, 'Aeronautical Structures'),
(3, 'Applied Probability'),
(3, 'Bayesian Methods'),
(3, 'Biomechanics'),
(3, 'Bioengineering'),
(3, 'Computational Methods'),
(3, 'Computer Architecture'),
(3, 'Earthquake Engineering'),
(3, 'Electrical Engineering'),
(4, 'Applied Probability'),
(5, 'Applied Probability'),
(5, 'Computational Methods'),
(5, 'Damage Analysis and Assessment'),
(5, 'Environmental Risk Assessment'),
(5, 'Fatigue and Fracture'),
(6, 'Applied Probability'),
(6, 'Biomechanics and Bioengineering'),
(6, 'Climate Change');

-- --------------------------------------------------------

--
-- Table structure for table `num_papers`
--

CREATE TABLE IF NOT EXISTS `num_papers` (
  `rev_ID` int(11) NOT NULL,
  `num_papers` int(11) DEFAULT '0',
  KEY `rev_ID` (`rev_ID`)
) ENGINE=InnoDB DEFAULT CHARSET=latin1;

--
-- Dumping data for table `num_papers`
--

INSERT INTO `num_papers` (`rev_ID`, `num_papers`) VALUES
(31, 6),
(32, 6),
(33, 3),
(34, 2),
(35, 1),
(36, 0),
(37, 0),
(38, 0),
(39, 0),
(40, 0),
(56, 0),
(57, 0),
(58, 0),
(59, 0),
(60, 0);

-- --------------------------------------------------------

--
-- Table structure for table `papers`
--

CREATE TABLE IF NOT EXISTS `papers` (
  `paper_ID` int(11) NOT NULL AUTO_INCREMENT,
  `app_ID` int(11) NOT NULL,
  `conf_ID` int(11) NOT NULL,
  `title` varchar(30) DEFAULT NULL,
  `paper` longblob,
  `topic` varchar(150) DEFAULT NULL,
  PRIMARY KEY (`paper_ID`),
  KEY `conf_ID` (`conf_ID`)
) ENGINE=InnoDB  DEFAULT CHARSET=latin1 AUTO_INCREMENT=30 ;

--
-- Dumping data for table `papers`
--

INSERT INTO `papers` (`paper_ID`, `app_ID`, `conf_ID`, `title`, `paper`, `topic`) VALUES
(1, 1, 1, 'paper 1', 0x64756d6d79207061706572, 'Aeronautical Structures'),
(2, 1, 1, 'paper2', 0x64756d6d79207061706572, 'Computer Architecture'),
(3, 2, 1, 'paper3', 0x64756d6d79207061706572, 'Computer Architecture'),
(4, 2, 1, 'paper 4', 0x64756d6d79207061706572, 'Biomechanics'),
(5, 3, 1, 'paper 5', 0x64756d6d79207061706572, 'Computational Methods'),
(6, 3, 1, 'paper 6', 0x64756d6d79207061706572, 'Computer Architecture'),
(7, 4, 1, 'paper 7', 0x64756d6d79207061706572, 'Bayesian Methods'),
(8, 5, 1, 'paper 8', 0x64756d6d79207061706572, 'Bayesian Methods'),
(9, 6, 1, 'paper 8', 0x64756d6d79207061706572, 'Computer Architecture'),
(10, 1, 1, 'paper10', 0x2d2d207068704d7941646d696e2053514c2044756d700a2d2d2076657273696f6e20332e352e310a2d2d20687474703a2f2f7777772e7068706d7961646d696e2e6e65740a2d2d0a2d2d20486f73743a206c6f63616c686f73740a2d2d2047656e65726174696f6e2054696d653a204e6f762030362c20323031322061742030383a313220504d0a2d2d205365727665722076657273696f6e3a20352e352e32342d6c6f670a2d2d205048502056657273696f6e3a20352e342e330a0a5345542053514c5f4d4f44453d224e4f5f4155544f5f56414c55455f4f4e5f5a45524f223b0a5345542074696d655f7a6f6e65203d20222b30303a3030223b0a0a0a2f2a2134303130312053455420404f4c445f4348415241435445525f5345545f434c49454e543d40404348415241435445525f5345545f434c49454e54202a2f3b0a2f2a2134303130312053455420404f4c445f4348415241435445525f5345545f524553554c54533d40404348415241435445525f5345545f524553554c5453202a2f3b0a2f2a2134303130312053455420404f4c445f434f4c4c4154494f4e5f434f4e4e454354494f4e3d4040434f4c4c4154494f4e5f434f4e4e454354494f4e202a2f3b0a2f2a21343031303120534554204e414d45532075746638202a2f3b0a0a2d2d0a2d2d2044617461626173653a2060636f6d73600a2d2d0a0a2d2d202d2d2d2d2d2d2d2d2d2d2d2d2d2d2d2d2d2d2d2d2d2d2d2d2d2d2d2d2d2d2d2d2d2d2d2d2d2d2d2d2d2d2d2d2d2d2d2d2d2d2d2d2d2d2d2d0a0a2d2d0a2d2d205461626c652073747275637475726520666f72207461626c652060636f6e666572656e6365600a2d2d0a0a435245415445205441424c45204946204e4f54204558495354532060636f6e666572656e63656020280a202060636f6e665f49446020696e7428313129204e4f54204e554c4c204155544f5f494e4352454d454e542c0a202060636f6e665f6e616d65602076617263686172283530292044454641554c54204e554c4c2c0a20206073746172745f646174656020646174652044454641554c54204e554c4c2c0a202060656e645f646174656020646174652044454641554c54204e554c4c2c0a2020606164647265737360207661726368617228323030292044454641554c54204e554c4c2c0a2020606465736372697074696f6e60207661726368617228333030292044454641554c54204e554c4c2c0a20205052494d415259204b4559202860636f6e665f494460290a2920454e47494e453d496e6e6f4442202044454641554c5420434841525345543d6c6174696e31204155544f5f494e4352454d454e543d34203b0a0a2d2d0a2d2d2044756d70696e67206461746120666f72207461626c652060636f6e666572656e6365600a2d2d0a0a494e5345525420494e544f2060636f6e666572656e636560202860636f6e665f4944602c2060636f6e665f6e616d65602c206073746172745f64617465602c2060656e645f64617465602c206061646472657373602c20606465736372697074696f6e60292056414c5545530a28312c2027636f6e6631272c2027323031322d31312d3232272c2027323031322d31312d3138272c2027616464726573737331272c202731737420636f6e666572656e636527292c0a28322c2027636f6e6632272c2027323031322d31312d3135272c2027323031322d31312d3139272c20276164647265737332272c2027326e6420636f6e666572656e636527292c0a28332c2027636f6e6633272c2027323031322d31312d3136272c2027323031322d31312d3230272c20276164647265737333272c202733726420636f6e666572656e636527293b0a0a2d2d202d2d2d2d2d2d2d2d2d2d2d2d2d2d2d2d2d2d2d2d2d2d2d2d2d2d2d2d2d2d2d2d2d2d2d2d2d2d2d2d2d2d2d2d2d2d2d2d2d2d2d2d2d2d2d2d0a0a2d2d0a2d2d205461626c652073747275637475726520666f72207461626c652060636f6e665f746f70696373600a2d2d0a0a435245415445205441424c45204946204e4f54204558495354532060636f6e665f746f706963736020280a202060636f6e665f49446020696e7428313129204e4f54204e554c4c2c0a202060746f706963602076617263686172283330292044454641554c54204e554c4c2c0a20204b45592060636f6e665f494460202860636f6e665f494460290a2920454e47494e453d496e6e6f44422044454641554c5420434841525345543d6c6174696e313b0a0a2d2d0a2d2d2044756d70696e67206461746120666f72207461626c652060636f6e665f746f70696373600a2d2d0a0a494e5345525420494e544f2060636f6e665f746f7069637360202860636f6e665f4944602c2060746f70696360292056414c5545530a28312c20274165726f6e6175746963616c205374727563747572657327292c0a28312c20274170706c6965642050726f626162696c69747927292c0a28312c2027426179657369616e204d6574686f647327292c0a28312c202742696f6d656368616e69637327292c0a28312c202742696f656e67696e656572696e6727292c0a28312c2027436f6d7075746174696f6e616c204d6574686f647327292c0a28312c2027436f6d70757465722041726368697465637475726527292c0a28312c202745617274687175616b6520456e67696e656572696e6727292c0a28312c2027456c656374726963616c20456e67696e656572696e6727292c0a28322c20274165726f6e6175746963616c205374727563747572657327292c0a28322c20274170706c6965642050726f626162696c69747927292c0a28322c2027426179657369616e204d6574686f647327292c0a28322c202742696f6d656368616e69637327292c0a28322c202742696f656e67696e656572696e6727292c0a28322c2027436f6d7075746174696f6e616c204d6574686f647327292c0a28322c2027436f6d70757465722041726368697465637475726527292c0a28322c202745617274687175616b6520456e67696e656572696e6727292c0a28322c2027456c656374726963616c20456e67696e656572696e6727292c0a28332c20274165726f6e6175746963616c205374727563747572657327292c0a28332c20274170706c6965642050726f626162696c69747927292c0a28332c2027426179657369616e204d6574686f647327292c0a28332c202742696f6d656368616e69637327292c0a28332c202742696f656e67696e656572696e6727292c0a28332c2027436f6d7075746174696f6e616c204d6574686f647327292c0a28332c2027436f6d70757465722041726368697465637475726527292c0a28332c202745617274687175616b6520456e67696e656572696e6727292c0a28332c2027456c656374726963616c20456e67696e656572696e6727293b0a0a2d2d202d2d2d2d2d2d2d2d2d2d2d2d2d2d2d2d2d2d2d2d2d2d2d2d2d2d2d2d2d2d2d2d2d2d2d2d2d2d2d2d2d2d2d2d2d2d2d2d2d2d2d2d2d2d2d2d0a0a2d2d0a2d2d205461626c652073747275637475726520666f72207461626c6520606e756d5f706170657273600a2d2d0a0a435245415445205441424c45204946204e4f542045584953545320606e756d5f7061706572736020280a2020607265765f49446020696e7428313129204e4f54204e554c4c2c0a2020606e756d5f7061706572736020696e74283131292044454641554c54202730272c0a20204b455920607265765f4944602028607265765f494460290a2920454e47494e453d496e6e6f44422044454641554c5420434841525345543d6c6174696e313b0a0a2d2d0a2d2d2044756d70696e67206461746120666f72207461626c6520606e756d5f706170657273600a2d2d0a0a494e5345525420494e544f20606e756d5f706170657273602028607265765f4944602c20606e756d5f70617065727360292056414c5545530a2833312c2031292c0a2833322c2034292c0a2833332c2032292c0a2833342c2031292c0a2833352c2031292c0a2833362c2030292c0a2833372c2030292c0a2833382c2030292c0a2833392c2030292c0a2834302c2030292c0a2835362c2030292c0a2835372c2030292c0a2835382c2030292c0a2835392c2030292c0a2836302c2030293b0a0a2d2d202d2d2d2d2d2d2d2d2d2d2d2d2d2d2d2d2d2d2d2d2d2d2d2d2d2d2d2d2d2d2d2d2d2d2d2d2d2d2d2d2d2d2d2d2d2d2d2d2d2d2d2d2d2d2d2d0a0a2d2d0a2d2d205461626c652073747275637475726520666f72207461626c652060706170657273600a2d2d0a0a435245415445205441424c45204946204e4f542045584953545320607061706572736020280a20206070617065725f49446020696e7428313129204e4f54204e554c4c204155544f5f494e4352454d454e542c0a2020606170705f49446020696e7428313129204e4f54204e554c4c2c0a202060636f6e665f49446020696e7428313129204e4f54204e554c4c2c0a2020607469746c65602076617263686172283330292044454641554c54204e554c4c2c0a202060706170657260206c6f6e67626c6f622c0a202060746f706963602076617263686172283330292044454641554c54204e554c4c2c0a20205052494d415259204b455920286070617065725f494460292c0a20204b45592060636f6e665f494460202860636f6e665f494460290a2920454e47494e453d496e6e6f4442202044454641554c5420434841525345543d6c6174696e31204155544f5f494e4352454d454e543d3130203b0a0a2d2d0a2d2d2044756d70696e67206461746120666f72207461626c652060706170657273600a2d2d0a0a494e5345525420494e544f20607061706572736020286070617065725f4944602c20606170705f4944602c2060636f6e665f4944602c20607469746c65602c20607061706572602c2060746f70696360292056414c5545530a28312c20312c20312c202770617065722031272c203078363437353664366437393230373036313730363537322c20274165726f6e6175746963616c205374727563747572657327292c0a28322c20312c20312c2027706170657232272c203078363437353664366437393230373036313730363537322c2027436f6d70757465722041726368697465637475726527292c0a28332c20322c20312c2027706170657233272c203078363437353664366437393230373036313730363537322c2027436f6d70757465722041726368697465637475726527292c0a28342c20322c20312c202770617065722034272c203078363437353664366437393230373036313730363537322c202742696f6d656368616e69637327292c0a28352c20332c20312c202770617065722035272c203078363437353664366437393230373036313730363537322c2027436f6d7075746174696f6e616c204d6574686f647327292c0a28362c20332c20312c202770617065722036272c203078363437353664366437393230373036313730363537322c2027436f6d70757465722041726368697465637475726527292c0a28372c20342c20312c202770617065722037272c203078363437353664366437393230373036313730363537322c2027426179657369616e204d6574686f647327292c0a28382c20352c20312c202770617065722038272c203078363437353664366437393230373036313730363537322c2027426179657369616e204d6574686f647327292c0a28392c20362c20312c202770617065722038272c203078363437353664366437393230373036313730363537322c2027436f6d70757465722041726368697465637475726527293b0a0a2d2d202d2d2d2d2d2d2d2d2d2d2d2d2d2d2d2d2d2d2d2d2d2d2d2d2d2d2d2d2d2d2d2d2d2d2d2d2d2d2d2d2d2d2d2d2d2d2d2d2d2d2d2d2d2d2d2d0a0a2d2d0a2d2d205461626c652073747275637475726520666f72207461626c65206072657669657773600a2d2d0a0a435245415445205441424c45204946204e4f54204558495354532060726576696577736020280a2020607265765f49446020696e7428313129204e4f54204e554c4c2c0a20206070617065725f49446020696e7428313129204e4f54204e554c4c2c0a202060636f6e665f49446020696e7428313129204e4f54204e554c4c2c0a202060726174696e676020666c6f61742044454641554c54204e554c4c2c0a202060636f6d6d656e7460207661726368617228323030292044454641554c54204e554c4c2c0a2020606c6173745f75706461746564602074696d657374616d70204e4f54204e554c4c2044454641554c542043555252454e545f54494d455354414d50204f4e205550444154452043555252454e545f54494d455354414d502c0a20204b45592060636f6e665f494460202860636f6e665f494460292c0a20204b4559206070617065725f49446020286070617065725f494460292c0a20204b455920607265765f4944602028607265765f494460290a2920454e47494e453d496e6e6f44422044454641554c5420434841525345543d6c6174696e313b0a0a2d2d0a2d2d2044756d70696e67206461746120666f72207461626c65206072657669657773600a2d2d0a0a494e5345525420494e544f206072657669657773602028607265765f4944602c206070617065725f4944602c2060636f6e665f4944602c2060726174696e67602c2060636f6d6d656e74602c20606c6173745f7570646174656460292056414c5545530a2833332c20312c20312c20352c20275468697320697320612064756d6d7920636f6d6d656e74272c2027323031322d31312d30362032303a30303a343727292c0a2833312c20322c20312c20322c20275468697320697320612064756d6d7920636f6d6d656e74272c2027323031322d31312d30362032303a30303a343727292c0a2833322c20332c20312c20382c20275468697320697320612064756d6d7920636f6d6d656e74272c2027323031322d31312d30362032303a30303a343727292c0a2833332c20342c20312c20372c20275468697320697320612064756d6d7920636f6d6d656e74272c2027323031322d31312d30362032303a30303a343727292c0a2833342c20352c20312c20352c20275468697320697320612064756d6d7920636f6d6d656e74272c2027323031322d31312d30362032303a30303a343727292c0a2833322c20362c20312c20392c20275468697320697320612064756d6d7920636f6d6d656e74272c2027323031322d31312d30362032303a30303a343727292c0a2833322c20372c20312c2031302c20275468697320697320612064756d6d7920636f6d6d656e74272c2027323031322d31312d30362032303a30303a343727292c0a2833352c20382c20312c20332c2027426179657369616e204d6574686f6473272c2027323031322d31312d30362032303a30303a343727292c0a2833322c20392c20312c20342c202744756d6d7920636f6d6d656e74272c2027323031322d31312d30362032303a30303a343727293b0a0a2d2d202d2d2d2d2d2d2d2d2d2d2d2d2d2d2d2d2d2d2d2d2d2d2d2d2d2d2d2d2d2d2d2d2d2d2d2d2d2d2d2d2d2d2d2d2d2d2d2d2d2d2d2d2d2d2d2d0a0a2d2d0a2d2d205461626c652073747275637475726520666f72207461626c6520607265765f737461747573600a2d2d0a0a435245415445205441424c45204946204e4f542045584953545320607265765f7374617475736020280a2020607265765f49446020696e7428313129204e4f54204e554c4c2c0a2020607374617475736020656e756d2827416374697665272c27496e616374697665272c274465636c696e656427292044454641554c542027496e616374697665272c0a20204b455920607265765f4944602028607265765f494460290a2920454e47494e453d496e6e6f44422044454641554c5420434841525345543d6c6174696e313b0a0a2d2d0a2d2d2044756d70696e67206461746120666f72207461626c6520607265765f737461747573600a2d2d0a0a494e5345525420494e544f20607265765f737461747573602028607265765f4944602c206073746174757360292056414c5545530a2833312c202741637469766527292c0a2833322c202741637469766527292c0a2833332c2027496e61637469766527292c0a2833342c20274465636c696e656427292c0a2833352c20274465636c696e656427293b0a0a2d2d202d2d2d2d2d2d2d2d2d2d2d2d2d2d2d2d2d2d2d2d2d2d2d2d2d2d2d2d2d2d2d2d2d2d2d2d2d2d2d2d2d2d2d2d2d2d2d2d2d2d2d2d2d2d2d2d0a0a2d2d0a2d2d205461626c652073747275637475726520666f72207461626c6520607265765f746f70696373600a2d2d0a0a435245415445205441424c45204946204e4f542045584953545320607265765f746f706963736020280a2020607265765f49446020696e7428313129204e4f54204e554c4c2c0a202060746f706963602076617263686172283330292044454641554c54204e554c4c2c0a20204b455920607265765f4944602028607265765f494460290a2920454e47494e453d496e6e6f44422044454641554c5420434841525345543d6c6174696e313b0a0a2d2d0a2d2d2044756d70696e67206461746120666f72207461626c6520607265765f746f70696373600a2d2d0a0a494e5345525420494e544f20607265765f746f70696373602028607265765f4944602c2060746f70696360292056414c5545530a2833312c2027436f6d70757465722041726368697465637475726527292c0a2833312c20274170706c6965642050726f626162696c69747927292c0a2833322c2027426179657369616e204d6574686f647327292c0a2833322c2027436f6d70757465722041726368697465637475726527292c0a2833332c20274165726f6e6175746963616c205374727563747572657327292c0a2833332c202742696f6d656368616e69637327292c0a2833332c202742696f656e67696e656572696e6727292c0a2833342c202742696f656e67696e656572696e6727292c0a2833342c2027436f6d7075746174696f6e616c204d6574686f647327292c0a2833352c2027436f6d7075746174696f6e616c204d6574686f647327292c0a2833352c2027436f6d707574657220536369656e636527292c0a2833352c2027426179657369616e204d6574686f647327293b0a0a2d2d202d2d2d2d2d2d2d2d2d2d2d2d2d2d2d2d2d2d2d2d2d2d2d2d2d2d2d2d2d2d2d2d2d2d2d2d2d2d2d2d2d2d2d2d2d2d2d2d2d2d2d2d2d2d2d2d0a0a2d2d0a2d2d205461626c652073747275637475726520666f72207461626c6520607573657273600a2d2d0a0a435245415445205441424c45204946204e4f5420455849535453206075736572736020280a202060757365725f49446020696e7428313129204e4f54204e554c4c204155544f5f494e4352454d454e542c0a202060757365725f6e616d65602076617263686172283530292044454641554c54204e554c4c2c0a20206070726f66696c655f6e616d65602076617263686172283530292044454641554c54204e554c4c2c0a20206070617373776f7264602076617263686172283332292044454641554c54204e554c4c2c0a20206068696e74602076617263686172283230292044454641554c54204e554c4c2c0a20206070686e6f602076617263686172283130292044454641554c54204e554c4c2c0a202060656d61696c602076617263686172283430292044454641554c54204e554c4c2c0a202060636f6e665f49446020696e7428313129204e4f54204e554c4c2c0a202060747970656020656e756d282761646d696e272c277265766965776572272c276170706c6963616e7427292044454641554c54204e554c4c2c0a20205052494d415259204b4559202860757365725f494460292c0a20204b45592060636f6e665f494460202860636f6e665f494460290a2920454e47494e453d496e6e6f4442202044454641554c5420434841525345543d6c6174696e31204155544f5f494e4352454d454e543d3634203b0a0a2d2d0a2d2d2044756d70696e67206461746120666f72207461626c6520607573657273600a2d2d0a0a494e5345525420494e544f2060757365727360202860757365725f4944602c2060757365725f6e616d65602c206070726f66696c655f6e616d65602c206070617373776f7264602c206068696e74602c206070686e6f602c2060656d61696c602c2060636f6e665f4944602c20607479706560292056414c5545530a28312c20277573657231272c202770726f66696c6531272c2027313233272c2027313233272c202731323334353637383930272c20276162634078797a2e636f6d272c20312c20276170706c6963616e7427292c0a28322c20277573657232272c202770726f66696c6532272c2027313233272c2027313233272c202731323334353637383930272c20276162634078797a2e636f6d272c20312c20276170706c6963616e7427292c0a28332c20277573657233272c202770726f66696c6533272c2027313233272c2027313233272c202731323334353637383930272c20276162634078797a2e636f6d272c20312c20276170706c6963616e7427292c0a28342c20277573657234272c202770726f66696c6534272c2027313233272c2027313233272c202731323334353637383930272c20276162634078797a2e636f6d272c20312c20276170706c6963616e7427292c0a28352c20277573657235272c202770726f66696c6535272c2027313233272c2027313233272c202731323334353637383930272c20276162634078797a2e636f6d272c20312c20276170706c6963616e7427292c0a28362c20277573657236272c202770726f66696c6536272c2027313233272c2027313233272c202731323334353637383930272c20276162634078797a2e636f6d272c20312c20276170706c6963616e7427292c0a28372c20277573657237272c202770726f66696c6537272c2027313233272c2027313233272c202731323334353637383930272c20276162634078797a2e636f6d272c20312c20276170706c6963616e7427292c0a28382c20277573657238272c202770726f66696c6538272c2027313233272c2027313233272c202731323334353637383930272c20276162634078797a2e636f6d272c20312c20276170706c6963616e7427292c0a28392c20277573657239272c202770726f66696c6539272c2027313233272c2027313233272c202731323334353637383930272c20276162634078797a2e636f6d272c20312c20276170706c6963616e7427292c0a2831302c2027757365723130272c202770726f66696c653130272c2027313233272c2027313233272c202731323334353637383930272c20276162634078797a2e636f6d272c20312c20276170706c6963616e7427292c0a2831312c20277573657231272c202770726f66696c6531272c2027313233272c2027313233272c202731323334353637383930272c20276162634078797a2e636f6d272c20322c20276170706c6963616e7427292c0a2831322c20277573657232272c202770726f66696c6532272c2027313233272c2027313233272c202731323334353637383930272c20276162634078797a2e636f6d272c20322c20276170706c6963616e7427292c0a2831332c20277573657233272c202770726f66696c6533272c2027313233272c2027313233272c202731323334353637383930272c20276162634078797a2e636f6d272c20322c20276170706c6963616e7427292c0a2831342c20277573657234272c202770726f66696c6534272c2027313233272c2027313233272c202731323334353637383930272c20276162634078797a2e636f6d272c20322c20276170706c6963616e7427292c0a2831352c20277573657235272c202770726f66696c6535272c2027313233272c2027313233272c202731323334353637383930272c20276162634078797a2e636f6d272c20322c20276170706c6963616e7427292c0a2831362c20277573657236272c202770726f66696c6536272c2027313233272c2027313233272c202731323334353637383930272c20276162634078797a2e636f6d272c20322c20276170706c6963616e7427292c0a2831372c20277573657237272c202770726f66696c6537272c2027313233272c2027313233272c202731323334353637383930272c20276162634078797a2e636f6d272c20322c20276170706c6963616e7427292c0a2831382c20277573657238272c202770726f66696c6538272c2027313233272c2027313233272c202731323334353637383930272c20276162634078797a2e636f6d272c20322c20276170706c6963616e7427292c0a2831392c20277573657239272c202770726f66696c6539272c2027313233272c2027313233272c202731323334353637383930272c20276162634078797a2e636f6d272c20322c20276170706c6963616e7427292c0a2832302c2027757365723130272c202770726f66696c653130272c2027313233272c2027313233272c202731323334353637383930272c20276162634078797a2e636f6d272c20322c20276170706c6963616e7427292c0a2832312c20277573657231272c202770726f66696c6531272c2027313233272c2027313233272c202731323334353637383930272c20276162634078797a2e636f6d272c20332c20276170706c6963616e7427292c0a2832322c20277573657232272c202770726f66696c6532272c2027313233272c2027313233272c202731323334353637383930272c20276162634078797a2e636f6d272c20332c20276170706c6963616e7427292c0a2832332c20277573657233272c202770726f66696c6533272c2027313233272c2027313233272c202731323334353637383930272c20276162634078797a2e636f6d272c20332c20276170706c6963616e7427292c0a2832342c20277573657234272c202770726f66696c6534272c2027313233272c2027313233272c202731323334353637383930272c20276162634078797a2e636f6d272c20332c20276170706c6963616e7427292c0a2832352c20277573657235272c202770726f66696c6535272c2027313233272c2027313233272c202731323334353637383930272c20276162634078797a2e636f6d272c20332c20276170706c6963616e7427292c0a2832362c20277573657236272c202770726f66696c6536272c2027313233272c2027313233272c202731323334353637383930272c20276162634078797a2e636f6d272c20332c20276170706c6963616e7427292c0a2832372c20277573657237272c202770726f66696c6537272c2027313233272c2027313233272c202731323334353637383930272c20276162634078797a2e636f6d272c20332c20276170706c6963616e7427292c0a2832382c20277573657238272c202770726f66696c6538272c2027313233272c2027313233272c202731323334353637383930272c20276162634078797a2e636f6d272c20332c20276170706c6963616e7427292c0a2832392c20277573657239272c202770726f66696c6539272c2027313233272c2027313233272c202731323334353637383930272c20276162634078797a2e636f6d272c20332c20276170706c6963616e7427292c0a2833302c2027757365723130272c202770726f66696c653130272c2027313233272c2027313233272c202731323334353637383930272c20276162634078797a2e636f6d272c20332c20276170706c6963616e7427292c0a2833312c202772657631272c20277265767031272c2027313233272c2027313233272c202731323334353637383930272c20276162634078797a2e636f6d272c20312c2027726576696577657227292c0a2833322c202772657632272c20277265767032272c2027313233272c2027313233272c202731323334353637383930272c20276162634078797a2e636f6d272c20312c2027726576696577657227292c0a2833332c202772657633272c20277265767033272c2027313233272c2027313233272c202731323334353637383930272c20276162634078797a2e636f6d272c20312c2027726576696577657227292c0a2833342c202772657634272c20277265767034272c2027313233272c2027313233272c202731323334353637383930272c20276162634078797a2e636f6d272c20312c2027726576696577657227292c0a2833352c202772657635272c20277265767035272c2027313233272c2027313233272c202731323334353637383930272c20276162634078797a2e636f6d272c20312c2027726576696577657227292c0a2833362c202772657631272c20277265767031272c2027313233272c2027313233272c202731323334353637383930272c20276162634078797a2e636f6d272c20322c2027726576696577657227292c0a2833372c202772657632272c20277265767032272c2027313233272c2027313233272c202731323334353637383930272c20276162634078797a2e636f6d272c20322c2027726576696577657227292c0a2833382c202772657633272c20277265767033272c2027313233272c2027313233272c202731323334353637383930272c20276162634078797a2e636f6d272c20322c2027726576696577657227292c0a2833392c202772657634272c20277265767034272c2027313233272c2027313233272c202731323334353637383930272c20276162634078797a2e636f6d272c20322c2027726576696577657227292c0a2834302c202772657635272c20277265767035272c2027313233272c2027313233272c202731323334353637383930272c20276162634078797a2e636f6d272c20322c2027726576696577657227292c0a2835362c202772657631272c20277265767031272c2027313233272c2027313233272c202731323334353637383930272c20276162634078797a2e636f6d272c20332c2027726576696577657227292c0a2835372c202772657632272c20277265767032272c2027313233272c2027313233272c202731323334353637383930272c20276162634078797a2e636f6d272c20332c2027726576696577657227292c0a2835382c202772657633272c20277265767033272c2027313233272c2027313233272c202731323334353637383930272c20276162634078797a2e636f6d272c20332c2027726576696577657227292c0a2835392c202772657634272c20277265767034272c2027313233272c2027313233272c202731323334353637383930272c20276162634078797a2e636f6d272c20332c2027726576696577657227292c0a2836302c202772657635272c20277265767035272c2027313233272c2027313233272c202731323334353637383930272c20276162634078797a2e636f6d272c20332c2027726576696577657227292c0a2836312c202761646d696e31272c202761646d696e7031272c2027313233272c2027313233272c202731323334353637383930272c20276162634078797a2e636f6d272c20312c202761646d696e27292c0a2836322c202761646d696e32272c202761646d696e7032272c2027313233272c2027313233272c202731323334353637383930272c20276162634078797a2e636f6d272c20322c202761646d696e27292c0a2836332c202761646d696e33272c202761646d696e7033272c2027313233272c2027313233272c202731323334353637383930272c20276162634078797a2e636f6d272c20332c202761646d696e27293b0a0a2d2d0a2d2d20436f6e73747261696e747320666f722064756d706564207461626c65730a2d2d0a0a2d2d0a2d2d20436f6e73747261696e747320666f72207461626c652060636f6e665f746f70696373600a2d2d0a414c544552205441424c452060636f6e665f746f70696373600a202041444420434f4e53545241494e542060636f6e665f746f706963735f6962666b5f316020464f524549474e204b4559202860636f6e665f49446029205245464552454e4345532060636f6e666572656e636560202860636f6e665f494460293b0a0a2d2d0a2d2d20436f6e73747261696e747320666f72207461626c6520606e756d5f706170657273600a2d2d0a414c544552205441424c4520606e756d5f706170657273600a202041444420434f4e53545241494e5420606e756d5f7061706572735f6962666b5f316020464f524549474e204b45592028607265765f49446029205245464552454e4345532060757365727360202860757365725f494460293b0a0a2d2d0a2d2d20436f6e73747261696e747320666f72207461626c652060706170657273600a2d2d0a414c544552205441424c452060706170657273600a202041444420434f4e53545241494e5420607061706572735f6962666b5f316020464f524549474e204b4559202860636f6e665f49446029205245464552454e4345532060636f6e666572656e636560202860636f6e665f494460293b0a0a2d2d0a2d2d20436f6e73747261696e747320666f72207461626c65206072657669657773600a2d2d0a414c544552205441424c45206072657669657773600a202041444420434f4e53545241494e542060726576696577735f6962666b5f316020464f524549474e204b4559202860636f6e665f49446029205245464552454e4345532060636f6e666572656e636560202860636f6e665f494460292c0a202041444420434f4e53545241494e542060726576696577735f6962666b5f326020464f524549474e204b455920286070617065725f49446029205245464552454e43455320607061706572736020286070617065725f494460292c0a202041444420434f4e53545241494e542060726576696577735f6962666b5f336020464f524549474e204b45592028607265765f49446029205245464552454e4345532060757365727360202860757365725f494460293b0a0a2d2d0a2d2d20436f6e73747261696e747320666f72207461626c6520607265765f737461747573600a2d2d0a414c544552205441424c4520607265765f737461747573600a202041444420434f4e53545241494e5420607265765f7374617475735f6962666b5f316020464f524549474e204b45592028607265765f49446029205245464552454e4345532060757365727360202860757365725f494460293b0a0a2d2d0a2d2d20436f6e73747261696e747320666f72207461626c6520607265765f746f70696373600a2d2d0a414c544552205441424c4520607265765f746f70696373600a202041444420434f4e53545241494e5420607265765f746f706963735f6962666b5f316020464f524549474e204b45592028607265765f49446029205245464552454e4345532060757365727360202860757365725f494460293b0a0a2d2d0a2d2d20436f6e73747261696e747320666f72207461626c6520607573657273600a2d2d0a414c544552205441424c4520607573657273600a202041444420434f4e53545241494e54206075736572735f6962666b5f316020464f524549474e204b4559202860636f6e665f49446029205245464552454e4345532060636f6e666572656e636560202860636f6e665f494460293b0a0a2f2a21343031303120534554204348415241435445525f5345545f434c49454e543d404f4c445f4348415241435445525f5345545f434c49454e54202a2f3b0a2f2a21343031303120534554204348415241435445525f5345545f524553554c54533d404f4c445f4348415241435445525f5345545f524553554c5453202a2f3b0a2f2a2134303130312053455420434f4c4c4154494f4e5f434f4e4e454354494f4e3d404f4c445f434f4c4c4154494f4e5f434f4e4e454354494f4e202a2f3b0a, 'Computational Methods'),
(11, 1, 1, 'Math', 0x3c252d2d200a20202020446f63756d656e742020203a2061646d696e0a2020202043726561746564206f6e203a2034204e6f762c20323031322c20323a33353a323220414d0a20202020417574686f7220202020203a2056616d73690a2d2d253e0a0a3c25407061676520696d706f72743d22636f6e6e6563742e64625f636f6e6e65637422253e0a3c25407061676520696d706f72743d226a6176612e73716c2e526573756c7453657422253e0a3c25407061676520696d706f72743d226a6176612e73716c2e507265706172656453746174656d656e7422253e0a3c25407061676520696d706f72743d226a6176612e73716c2e436f6e6e656374696f6e22253e0a3c25407061676520636f6e74656e74547970653d22746578742f68746d6c222070616765456e636f64696e673d225554462d3822253e0a3c21444f43545950452068746d6c3e0a3c68746d6c3e0a202020203c686561643e0a20202020202020203c6d65746120687474702d65717569763d22436f6e74656e742d547970652220636f6e74656e743d22746578742f68746d6c3b20636861727365743d5554462d38223e0a20202020202020203c7469746c653e41646d696e2d434f4d533c2f7469746c653e0a202020203c2f686561643e0a202020203c626f64793e0a20202020202020203c250a20202020202020202020204874747053657373696f6e2073203d20726571756573742e67657453657373696f6e28293b0a2020202020202020202020732e7365744174747269627574652822757365725f6e616d65222c202261646d696e3122293b0a2020202020202020202020732e7365744174747269627574652822636f6e665f6964222c2031293b0a2020202020202020202020537472696e67206e616d65203d2028537472696e6729732e6765744174747269627574652822757365725f6e616d6522293b0a2020202020202020202020696e7420635f6964203d2028496e746567657229732e6765744174747269627574652822636f6e665f696422293b0a2020202020202020253e0a20202020202020203c68313e2057656c636f6d65203c256f75742e7072696e746c6e286e616d65293b20253e203c2f68313e0a20202020202020203c6469762069643d22726174696e677322207374796c653d22666c6f61743a206e6f6e653b2077696474683a2031303025223e200a2020202020202020202020203c68313e5468697320697320746865206c697374206f6620616c6c2074686520706170657273207375626d697474656420616c6f6e67207769746820746865697220726174696e67733c2f68313e20202020202020200a20202020202020203c250a202020202020202020537472696e672044424e414d45203d2022636f6d73223b0a202020202020202020537472696e672044425f555345524e414d45203d2022726f6f74223b0a202020202020202020537472696e672044425f50415353574f5244203d2022223b0a202020202020202020537472696e6720515545525931203d202273656c65637420726576696577732e70617065725f49442c7265762e757365725f6e616d652c6170702e757365725f6e616d652c726174696e672066726f6d207061706572732c7573657273206173207265762c207573657273206173206170702c2072657669657773207768657265207061706572732e70617065725f4944203d20726576696577732e70617065725f494420616e64207265765f4944203d207265762e757365725f494420616e64206170705f4944203d206170702e757365725f494420616e6420726576696577732e636f6e665f49443d222b635f6964202b2022206f7264657220627920726174696e67206465736322203b0a202020202020202020537472696e6720515545525932203d202273656c656374207265765f49442c7374617475732c757365725f6e616d652066726f6d207265765f7374617475732c7573657273207768657265207265765f7374617475732e7265765f4944203d2075736572732e757365725f494420616e64207265765f7374617475732e7374617475733d27496e6163746976652720616e642075736572732e636f6e665f49443d222b635f6964202b2022206f72646572206279207265765f4944206465736322203b0a202020202020202020537472696e6720515545525933203d202273656c656374207265765f49442c7374617475732c757365725f6e616d652066726f6d207265765f7374617475732c7573657273207768657265207265765f7374617475732e7265765f4944203d2075736572732e757365725f494420616e64207265765f7374617475732e7374617475733d274465636c696e65642720616e642075736572732e636f6e665f49443d222b635f69642b22206f72646572206279207265765f49442064657363223b0a202020202020202020436f6e6e656374696f6e20636f6e3b0a202020202020202020636f6e203d206e756c6c3b0a2020202020202020747279207b0a202020202020202064625f636f6e6e6563742078203d206e65772064625f636f6e6e65637428293b0a2020202020202020636f6e203d20782e636f6e6e65637428293b0a202020202020200a2020202020202020507265706172656453746174656d656e74207072657053746d74203d20636f6e2e7072657061726553746174656d656e7428515545525931293b0a2020202020202020526573756c74536574207273203d207072657053746d742e65786563757465517565727928293b0a20202020202020206966282172732e6e65787428292920253e203c703e4e6f2070617065727320746f2073686f772e203c2f703e203c250a202020202020202072732e70726576696f757328293b0a20202020202020207768696c652872732e6e657874282929207b0a2020202020202020696e74206964203d2072732e676574496e742822726576696577732e70617065725f494422293b0a2020202020202020537472696e6720726576203d2072732e676574537472696e6728227265762e757365725f6e616d6522293b0a2020202020202020537472696e6720617070203d2072732e676574537472696e6728226170702e757365725f6e616d6522293b20202020202020200a2020202020202020696e7420726174696e67203d2072732e676574496e742822726174696e6722293b0a2020202020202020253e0a2020202020202020202020203c64697620636c6173733d22706170657222207374796c653d22626f726465723a2031707820736f6c696420677261793b20666c6f61743a206c6566743b206d617267696e2d6c6566743a20313570783b2070616464696e673a2031357078223e0a202020202020202020202020202020203c703e50617065722049443a203c250a202020202020202020202020202020206f75742e7072696e746c6e286964293b0a20202020202020202020202020253e3c2f703e0a202020202020202020202020203c703e55706c6f616465642042793a203c250a202020202020202020202020202020206f75742e7072696e746c6e28617070293b0a20202020202020202020202020202020202020202020202020202020253e3c2f703e0a202020202020202020202020203c703e52657669657765642042793a203c250a202020202020202020202020202020206f75742e7072696e746c6e28726576293b0a20202020202020202020202020202020202020202020202020202020253e3c2f703e0a202020202020202020202020203c703e526174696e673a203c250a202020202020202020202020202020206f75742e7072696e746c6e28726174696e67293b0a20202020202020202020202020253e3c2f703e3c2f6469763e0a20202020202020203c25207d0a2020202020202020253e0a202020200a20202020202020203c2f6469763e0a20202020202020203c6469762069643d22705f72657173223e0a2020202020202020202020203c68313e50656e64696e672052657175657374733c2f68313e0a2020202020202020202020203c250a202020202020207072657053746d74203d20636f6e2e7072657061726553746174656d656e7428515545525932293b0a202020202020207273203d207072657053746d742e65786563757465517565727928293b0a20202020202020206966282172732e6e65787428292920253e203c703e4e6f2070656e64696e6720726571756573747320746f20646973706c61792e203c2f703e203c250a202020202020202072732e70726576696f757328293b0a20202020202020207768696c652872732e6e657874282929207b0a202020202020202020202020253e0a2020202020202020202020203c64697620636c6173733d22726576223e0a202020202020202020202020202020203c7020666c6f61743d226c656674223e5265762049443a203c250a202020202020202020202020696e74206964203d2072732e676574496e7428227265765f494422293b0a202020202020202020202020537472696e67206e616d6531203d2072732e676574537472696e672822757365725f6e616d6522293b0a2020202020202020202020206f75742e7072696e746c6e286964293b0a20202020202020202020202020253e0a2020202020202020202020203c7020666c6f61743d226c656674223e526576204e616d653a203c250a2020202020202020202020206f75742e7072696e746c6e286e616d6531293b0a20202020202020202020202020253e0a2020202020202020202020203c666f726d20616374696f6e3d226163636570745f72657622206e616d653d2266726d4c6f67696e22206d6574686f643d22706f737422206f6e7375626d69743d226163636570745f7265763b22207374796c653d22666c6f61743a206c656674223e0a202020202020202020202020202020203c696e707574206e616d653d227265765f6964222073697a653d313520747970653d2268696464656e222076616c7565203d223c256f75742e7072696e746c6e286964293b253e2220666c6f61743d226c656674222f3e0a202020202020202020202020202020203c696e707574206e616d653d2275726c222073697a653d313520747970653d2268696464656e222076616c7565203d2270656e64696e675f726571732e6a73702220666c6f61743d226c656674222f3e0a202020202020202020202020202020203c696e70757420747970653d227375626d6974222076616c75653d22416363657074222f3e0a2020202020202020202020203c2f666f726d3e0a2020202020202020202020203c666f726d20616374696f6e3d226465636c696e655f72657622206e616d653d2266726d4c6f67696e22206d6574686f643d22706f737422206f6e7375626d69743d226465636c696e655f7265763b223e0a202020202020202020202020202020203c696e707574206e616d653d227265765f6964222073697a653d313520747970653d2268696464656e222076616c7565203d223c256f75742e7072696e746c6e286964293b253e2220666c6f61743d226c656674222f3e0a202020202020202020202020202020203c696e707574206e616d653d2275726c222073697a653d313520747970653d2268696464656e222076616c7565203d2270656e64696e675f726571732e6a73702220666c6f61743d226c656674222f3e0a202020202020202020202020202020203c696e70757420747970653d227375626d6974222076616c75653d224465636c696e65222f3e0a2020202020202020202020203c2f666f726d3e0a2020202020202020202020203c68722f3e0a2020202020202020202020203c2f6469763e0a2020202020202020202020200a2020202020202020202020203c25207d0a20202020202020202020202020202020253e0a20202020202020202020203c2f6469763e0a202020202020202020203c6469762069643d22645f72657173223e0a20202020202020202020202020203c68313e4465636c696e65642052657175657374733c2f68313e0a2020202020202020202020203c250a20202020202020207072657053746d74203d20636f6e2e7072657061726553746174656d656e7428515545525933293b0a20202020202020200a20202020202020207273203d207072657053746d742e65786563757465517565727928293b0a2020202020202020202020206966282172732e6e65787428292920253e203c703e4e6f206465636c696e656420726571756573747320746f20646973706c61792e203c2f703e203c250a20202020202020202020202072732e70726576696f757328293b0a20202020202020207768696c652872732e6e657874282929207b0a202020202020202020202020253e0a2020202020202020202020203c64697620636c6173733d22726576223e0a202020202020202020202020202020203c7020666c6f61743d226c656674223e5265762049443a203c250a202020202020202020202020696e74206964203d2072732e676574496e7428227265765f494422293b0a202020202020202020202020537472696e67206e616d6531203d2072732e676574537472696e672822757365725f6e616d6522293b0a2020202020202020202020206f75742e7072696e746c6e286964293b0a20202020202020202020202020253e0a2020202020202020202020203c7020666c6f61743d226c656674223e526576204e616d653a203c250a2020202020202020202020206f75742e7072696e746c6e286e616d6531293b0a20202020202020202020202020253e0a2020202020202020202020203c666f726d20616374696f6e3d226163636570745f72657622206e616d653d2266726d4c6f67696e22206d6574686f643d22706f737422206f6e7375626d69743d226163636570745f7265763b223e0a202020202020202020202020202020203c696e707574206e616d653d227265765f6964222073697a653d313520747970653d2268696464656e222076616c7565203d223c256f75742e7072696e746c6e286964293b253e2220666c6f61743d226c656674222f3e0a20202020202020202020202020202020203c696e707574206e616d653d2275726c222073697a653d313520747970653d2268696464656e222076616c7565203d226465636c696e65645f72657175657374732e6a73702220666c6f61743d226c656674222f3e0a202020202020202020202020202020203c696e70757420747970653d227375626d6974222076616c75653d22416363657074222f3e0a2020202020202020202020203c2f666f726d3e0a2020202020202020202020203c2f6469763e0a2020202020202020202020203c68722f3e0a2020202020202020202020203c25207d0a202020202020202020202020253e0a202020202020202020203c2f6469763e0a202020202020202020203c250a202020202020202020202020202020200a202020202020202020202020202020202020207d636174636828457863657074696f6e2065297b0a202020202020202020202020202020202020202020202053797374656d2e6f75742e7072696e746c6e28224572726f723a20222b652e6765744d6573736167652829293b0a202020202020202020202020202020202020207d0a253e2020200a2020202020202020202020200a2020202020202020200a20202020202020203c2f6469763e200a202020203c2f626f64793e0a3c2f68746d6c3e0a, 'Computational Methods');
INSERT INTO `papers` (`paper_ID`, `app_ID`, `conf_ID`, `title`, `paper`, `topic`) VALUES
(12, 1, 1, 'Temporary', 0x2d2d207068704d7941646d696e2053514c2044756d700a2d2d2076657273696f6e20332e352e310a2d2d20687474703a2f2f7777772e7068706d7961646d696e2e6e65740a2d2d0a2d2d20486f73743a206c6f63616c686f73740a2d2d2047656e65726174696f6e2054696d653a204e6f762030362c20323031322061742030383a313220504d0a2d2d205365727665722076657273696f6e3a20352e352e32342d6c6f670a2d2d205048502056657273696f6e3a20352e342e330a0a5345542053514c5f4d4f44453d224e4f5f4155544f5f56414c55455f4f4e5f5a45524f223b0a5345542074696d655f7a6f6e65203d20222b30303a3030223b0a0a0a2f2a2134303130312053455420404f4c445f4348415241435445525f5345545f434c49454e543d40404348415241435445525f5345545f434c49454e54202a2f3b0a2f2a2134303130312053455420404f4c445f4348415241435445525f5345545f524553554c54533d40404348415241435445525f5345545f524553554c5453202a2f3b0a2f2a2134303130312053455420404f4c445f434f4c4c4154494f4e5f434f4e4e454354494f4e3d4040434f4c4c4154494f4e5f434f4e4e454354494f4e202a2f3b0a2f2a21343031303120534554204e414d45532075746638202a2f3b0a0a2d2d0a2d2d2044617461626173653a2060636f6d73600a2d2d0a0a2d2d202d2d2d2d2d2d2d2d2d2d2d2d2d2d2d2d2d2d2d2d2d2d2d2d2d2d2d2d2d2d2d2d2d2d2d2d2d2d2d2d2d2d2d2d2d2d2d2d2d2d2d2d2d2d2d2d0a0a2d2d0a2d2d205461626c652073747275637475726520666f72207461626c652060636f6e666572656e6365600a2d2d0a0a435245415445205441424c45204946204e4f54204558495354532060636f6e666572656e63656020280a202060636f6e665f49446020696e7428313129204e4f54204e554c4c204155544f5f494e4352454d454e542c0a202060636f6e665f6e616d65602076617263686172283530292044454641554c54204e554c4c2c0a20206073746172745f646174656020646174652044454641554c54204e554c4c2c0a202060656e645f646174656020646174652044454641554c54204e554c4c2c0a2020606164647265737360207661726368617228323030292044454641554c54204e554c4c2c0a2020606465736372697074696f6e60207661726368617228333030292044454641554c54204e554c4c2c0a20205052494d415259204b4559202860636f6e665f494460290a2920454e47494e453d496e6e6f4442202044454641554c5420434841525345543d6c6174696e31204155544f5f494e4352454d454e543d34203b0a0a2d2d0a2d2d2044756d70696e67206461746120666f72207461626c652060636f6e666572656e6365600a2d2d0a0a494e5345525420494e544f2060636f6e666572656e636560202860636f6e665f4944602c2060636f6e665f6e616d65602c206073746172745f64617465602c2060656e645f64617465602c206061646472657373602c20606465736372697074696f6e60292056414c5545530a28312c2027636f6e6631272c2027323031322d31312d3232272c2027323031322d31312d3138272c2027616464726573737331272c202731737420636f6e666572656e636527292c0a28322c2027636f6e6632272c2027323031322d31312d3135272c2027323031322d31312d3139272c20276164647265737332272c2027326e6420636f6e666572656e636527292c0a28332c2027636f6e6633272c2027323031322d31312d3136272c2027323031322d31312d3230272c20276164647265737333272c202733726420636f6e666572656e636527293b0a0a2d2d202d2d2d2d2d2d2d2d2d2d2d2d2d2d2d2d2d2d2d2d2d2d2d2d2d2d2d2d2d2d2d2d2d2d2d2d2d2d2d2d2d2d2d2d2d2d2d2d2d2d2d2d2d2d2d2d0a0a2d2d0a2d2d205461626c652073747275637475726520666f72207461626c652060636f6e665f746f70696373600a2d2d0a0a435245415445205441424c45204946204e4f54204558495354532060636f6e665f746f706963736020280a202060636f6e665f49446020696e7428313129204e4f54204e554c4c2c0a202060746f706963602076617263686172283330292044454641554c54204e554c4c2c0a20204b45592060636f6e665f494460202860636f6e665f494460290a2920454e47494e453d496e6e6f44422044454641554c5420434841525345543d6c6174696e313b0a0a2d2d0a2d2d2044756d70696e67206461746120666f72207461626c652060636f6e665f746f70696373600a2d2d0a0a494e5345525420494e544f2060636f6e665f746f7069637360202860636f6e665f4944602c2060746f70696360292056414c5545530a28312c20274165726f6e6175746963616c205374727563747572657327292c0a28312c20274170706c6965642050726f626162696c69747927292c0a28312c2027426179657369616e204d6574686f647327292c0a28312c202742696f6d656368616e69637327292c0a28312c202742696f656e67696e656572696e6727292c0a28312c2027436f6d7075746174696f6e616c204d6574686f647327292c0a28312c2027436f6d70757465722041726368697465637475726527292c0a28312c202745617274687175616b6520456e67696e656572696e6727292c0a28312c2027456c656374726963616c20456e67696e656572696e6727292c0a28322c20274165726f6e6175746963616c205374727563747572657327292c0a28322c20274170706c6965642050726f626162696c69747927292c0a28322c2027426179657369616e204d6574686f647327292c0a28322c202742696f6d656368616e69637327292c0a28322c202742696f656e67696e656572696e6727292c0a28322c2027436f6d7075746174696f6e616c204d6574686f647327292c0a28322c2027436f6d70757465722041726368697465637475726527292c0a28322c202745617274687175616b6520456e67696e656572696e6727292c0a28322c2027456c656374726963616c20456e67696e656572696e6727292c0a28332c20274165726f6e6175746963616c205374727563747572657327292c0a28332c20274170706c6965642050726f626162696c69747927292c0a28332c2027426179657369616e204d6574686f647327292c0a28332c202742696f6d656368616e69637327292c0a28332c202742696f656e67696e656572696e6727292c0a28332c2027436f6d7075746174696f6e616c204d6574686f647327292c0a28332c2027436f6d70757465722041726368697465637475726527292c0a28332c202745617274687175616b6520456e67696e656572696e6727292c0a28332c2027456c656374726963616c20456e67696e656572696e6727293b0a0a2d2d202d2d2d2d2d2d2d2d2d2d2d2d2d2d2d2d2d2d2d2d2d2d2d2d2d2d2d2d2d2d2d2d2d2d2d2d2d2d2d2d2d2d2d2d2d2d2d2d2d2d2d2d2d2d2d2d0a0a2d2d0a2d2d205461626c652073747275637475726520666f72207461626c6520606e756d5f706170657273600a2d2d0a0a435245415445205441424c45204946204e4f542045584953545320606e756d5f7061706572736020280a2020607265765f49446020696e7428313129204e4f54204e554c4c2c0a2020606e756d5f7061706572736020696e74283131292044454641554c54202730272c0a20204b455920607265765f4944602028607265765f494460290a2920454e47494e453d496e6e6f44422044454641554c5420434841525345543d6c6174696e313b0a0a2d2d0a2d2d2044756d70696e67206461746120666f72207461626c6520606e756d5f706170657273600a2d2d0a0a494e5345525420494e544f20606e756d5f706170657273602028607265765f4944602c20606e756d5f70617065727360292056414c5545530a2833312c2031292c0a2833322c2034292c0a2833332c2032292c0a2833342c2031292c0a2833352c2031292c0a2833362c2030292c0a2833372c2030292c0a2833382c2030292c0a2833392c2030292c0a2834302c2030292c0a2835362c2030292c0a2835372c2030292c0a2835382c2030292c0a2835392c2030292c0a2836302c2030293b0a0a2d2d202d2d2d2d2d2d2d2d2d2d2d2d2d2d2d2d2d2d2d2d2d2d2d2d2d2d2d2d2d2d2d2d2d2d2d2d2d2d2d2d2d2d2d2d2d2d2d2d2d2d2d2d2d2d2d2d0a0a2d2d0a2d2d205461626c652073747275637475726520666f72207461626c652060706170657273600a2d2d0a0a435245415445205441424c45204946204e4f542045584953545320607061706572736020280a20206070617065725f49446020696e7428313129204e4f54204e554c4c204155544f5f494e4352454d454e542c0a2020606170705f49446020696e7428313129204e4f54204e554c4c2c0a202060636f6e665f49446020696e7428313129204e4f54204e554c4c2c0a2020607469746c65602076617263686172283330292044454641554c54204e554c4c2c0a202060706170657260206c6f6e67626c6f622c0a202060746f706963602076617263686172283330292044454641554c54204e554c4c2c0a20205052494d415259204b455920286070617065725f494460292c0a20204b45592060636f6e665f494460202860636f6e665f494460290a2920454e47494e453d496e6e6f4442202044454641554c5420434841525345543d6c6174696e31204155544f5f494e4352454d454e543d3130203b0a0a2d2d0a2d2d2044756d70696e67206461746120666f72207461626c652060706170657273600a2d2d0a0a494e5345525420494e544f20607061706572736020286070617065725f4944602c20606170705f4944602c2060636f6e665f4944602c20607469746c65602c20607061706572602c2060746f70696360292056414c5545530a28312c20312c20312c202770617065722031272c203078363437353664366437393230373036313730363537322c20274165726f6e6175746963616c205374727563747572657327292c0a28322c20312c20312c2027706170657232272c203078363437353664366437393230373036313730363537322c2027436f6d70757465722041726368697465637475726527292c0a28332c20322c20312c2027706170657233272c203078363437353664366437393230373036313730363537322c2027436f6d70757465722041726368697465637475726527292c0a28342c20322c20312c202770617065722034272c203078363437353664366437393230373036313730363537322c202742696f6d656368616e69637327292c0a28352c20332c20312c202770617065722035272c203078363437353664366437393230373036313730363537322c2027436f6d7075746174696f6e616c204d6574686f647327292c0a28362c20332c20312c202770617065722036272c203078363437353664366437393230373036313730363537322c2027436f6d70757465722041726368697465637475726527292c0a28372c20342c20312c202770617065722037272c203078363437353664366437393230373036313730363537322c2027426179657369616e204d6574686f647327292c0a28382c20352c20312c202770617065722038272c203078363437353664366437393230373036313730363537322c2027426179657369616e204d6574686f647327292c0a28392c20362c20312c202770617065722038272c203078363437353664366437393230373036313730363537322c2027436f6d70757465722041726368697465637475726527293b0a0a2d2d202d2d2d2d2d2d2d2d2d2d2d2d2d2d2d2d2d2d2d2d2d2d2d2d2d2d2d2d2d2d2d2d2d2d2d2d2d2d2d2d2d2d2d2d2d2d2d2d2d2d2d2d2d2d2d2d0a0a2d2d0a2d2d205461626c652073747275637475726520666f72207461626c65206072657669657773600a2d2d0a0a435245415445205441424c45204946204e4f54204558495354532060726576696577736020280a2020607265765f49446020696e7428313129204e4f54204e554c4c2c0a20206070617065725f49446020696e7428313129204e4f54204e554c4c2c0a202060636f6e665f49446020696e7428313129204e4f54204e554c4c2c0a202060726174696e676020666c6f61742044454641554c54204e554c4c2c0a202060636f6d6d656e7460207661726368617228323030292044454641554c54204e554c4c2c0a2020606c6173745f75706461746564602074696d657374616d70204e4f54204e554c4c2044454641554c542043555252454e545f54494d455354414d50204f4e205550444154452043555252454e545f54494d455354414d502c0a20204b45592060636f6e665f494460202860636f6e665f494460292c0a20204b4559206070617065725f49446020286070617065725f494460292c0a20204b455920607265765f4944602028607265765f494460290a2920454e47494e453d496e6e6f44422044454641554c5420434841525345543d6c6174696e313b0a0a2d2d0a2d2d2044756d70696e67206461746120666f72207461626c65206072657669657773600a2d2d0a0a494e5345525420494e544f206072657669657773602028607265765f4944602c206070617065725f4944602c2060636f6e665f4944602c2060726174696e67602c2060636f6d6d656e74602c20606c6173745f7570646174656460292056414c5545530a2833332c20312c20312c20352c20275468697320697320612064756d6d7920636f6d6d656e74272c2027323031322d31312d30362032303a30303a343727292c0a2833312c20322c20312c20322c20275468697320697320612064756d6d7920636f6d6d656e74272c2027323031322d31312d30362032303a30303a343727292c0a2833322c20332c20312c20382c20275468697320697320612064756d6d7920636f6d6d656e74272c2027323031322d31312d30362032303a30303a343727292c0a2833332c20342c20312c20372c20275468697320697320612064756d6d7920636f6d6d656e74272c2027323031322d31312d30362032303a30303a343727292c0a2833342c20352c20312c20352c20275468697320697320612064756d6d7920636f6d6d656e74272c2027323031322d31312d30362032303a30303a343727292c0a2833322c20362c20312c20392c20275468697320697320612064756d6d7920636f6d6d656e74272c2027323031322d31312d30362032303a30303a343727292c0a2833322c20372c20312c2031302c20275468697320697320612064756d6d7920636f6d6d656e74272c2027323031322d31312d30362032303a30303a343727292c0a2833352c20382c20312c20332c2027426179657369616e204d6574686f6473272c2027323031322d31312d30362032303a30303a343727292c0a2833322c20392c20312c20342c202744756d6d7920636f6d6d656e74272c2027323031322d31312d30362032303a30303a343727293b0a0a2d2d202d2d2d2d2d2d2d2d2d2d2d2d2d2d2d2d2d2d2d2d2d2d2d2d2d2d2d2d2d2d2d2d2d2d2d2d2d2d2d2d2d2d2d2d2d2d2d2d2d2d2d2d2d2d2d2d0a0a2d2d0a2d2d205461626c652073747275637475726520666f72207461626c6520607265765f737461747573600a2d2d0a0a435245415445205441424c45204946204e4f542045584953545320607265765f7374617475736020280a2020607265765f49446020696e7428313129204e4f54204e554c4c2c0a2020607374617475736020656e756d2827416374697665272c27496e616374697665272c274465636c696e656427292044454641554c542027496e616374697665272c0a20204b455920607265765f4944602028607265765f494460290a2920454e47494e453d496e6e6f44422044454641554c5420434841525345543d6c6174696e313b0a0a2d2d0a2d2d2044756d70696e67206461746120666f72207461626c6520607265765f737461747573600a2d2d0a0a494e5345525420494e544f20607265765f737461747573602028607265765f4944602c206073746174757360292056414c5545530a2833312c202741637469766527292c0a2833322c202741637469766527292c0a2833332c2027496e61637469766527292c0a2833342c20274465636c696e656427292c0a2833352c20274465636c696e656427293b0a0a2d2d202d2d2d2d2d2d2d2d2d2d2d2d2d2d2d2d2d2d2d2d2d2d2d2d2d2d2d2d2d2d2d2d2d2d2d2d2d2d2d2d2d2d2d2d2d2d2d2d2d2d2d2d2d2d2d2d0a0a2d2d0a2d2d205461626c652073747275637475726520666f72207461626c6520607265765f746f70696373600a2d2d0a0a435245415445205441424c45204946204e4f542045584953545320607265765f746f706963736020280a2020607265765f49446020696e7428313129204e4f54204e554c4c2c0a202060746f706963602076617263686172283330292044454641554c54204e554c4c2c0a20204b455920607265765f4944602028607265765f494460290a2920454e47494e453d496e6e6f44422044454641554c5420434841525345543d6c6174696e313b0a0a2d2d0a2d2d2044756d70696e67206461746120666f72207461626c6520607265765f746f70696373600a2d2d0a0a494e5345525420494e544f20607265765f746f70696373602028607265765f4944602c2060746f70696360292056414c5545530a2833312c2027436f6d70757465722041726368697465637475726527292c0a2833312c20274170706c6965642050726f626162696c69747927292c0a2833322c2027426179657369616e204d6574686f647327292c0a2833322c2027436f6d70757465722041726368697465637475726527292c0a2833332c20274165726f6e6175746963616c205374727563747572657327292c0a2833332c202742696f6d656368616e69637327292c0a2833332c202742696f656e67696e656572696e6727292c0a2833342c202742696f656e67696e656572696e6727292c0a2833342c2027436f6d7075746174696f6e616c204d6574686f647327292c0a2833352c2027436f6d7075746174696f6e616c204d6574686f647327292c0a2833352c2027436f6d707574657220536369656e636527292c0a2833352c2027426179657369616e204d6574686f647327293b0a0a2d2d202d2d2d2d2d2d2d2d2d2d2d2d2d2d2d2d2d2d2d2d2d2d2d2d2d2d2d2d2d2d2d2d2d2d2d2d2d2d2d2d2d2d2d2d2d2d2d2d2d2d2d2d2d2d2d2d0a0a2d2d0a2d2d205461626c652073747275637475726520666f72207461626c6520607573657273600a2d2d0a0a435245415445205441424c45204946204e4f5420455849535453206075736572736020280a202060757365725f49446020696e7428313129204e4f54204e554c4c204155544f5f494e4352454d454e542c0a202060757365725f6e616d65602076617263686172283530292044454641554c54204e554c4c2c0a20206070726f66696c655f6e616d65602076617263686172283530292044454641554c54204e554c4c2c0a20206070617373776f7264602076617263686172283332292044454641554c54204e554c4c2c0a20206068696e74602076617263686172283230292044454641554c54204e554c4c2c0a20206070686e6f602076617263686172283130292044454641554c54204e554c4c2c0a202060656d61696c602076617263686172283430292044454641554c54204e554c4c2c0a202060636f6e665f49446020696e7428313129204e4f54204e554c4c2c0a202060747970656020656e756d282761646d696e272c277265766965776572272c276170706c6963616e7427292044454641554c54204e554c4c2c0a20205052494d415259204b4559202860757365725f494460292c0a20204b45592060636f6e665f494460202860636f6e665f494460290a2920454e47494e453d496e6e6f4442202044454641554c5420434841525345543d6c6174696e31204155544f5f494e4352454d454e543d3634203b0a0a2d2d0a2d2d2044756d70696e67206461746120666f72207461626c6520607573657273600a2d2d0a0a494e5345525420494e544f2060757365727360202860757365725f4944602c2060757365725f6e616d65602c206070726f66696c655f6e616d65602c206070617373776f7264602c206068696e74602c206070686e6f602c2060656d61696c602c2060636f6e665f4944602c20607479706560292056414c5545530a28312c20277573657231272c202770726f66696c6531272c2027313233272c2027313233272c202731323334353637383930272c20276162634078797a2e636f6d272c20312c20276170706c6963616e7427292c0a28322c20277573657232272c202770726f66696c6532272c2027313233272c2027313233272c202731323334353637383930272c20276162634078797a2e636f6d272c20312c20276170706c6963616e7427292c0a28332c20277573657233272c202770726f66696c6533272c2027313233272c2027313233272c202731323334353637383930272c20276162634078797a2e636f6d272c20312c20276170706c6963616e7427292c0a28342c20277573657234272c202770726f66696c6534272c2027313233272c2027313233272c202731323334353637383930272c20276162634078797a2e636f6d272c20312c20276170706c6963616e7427292c0a28352c20277573657235272c202770726f66696c6535272c2027313233272c2027313233272c202731323334353637383930272c20276162634078797a2e636f6d272c20312c20276170706c6963616e7427292c0a28362c20277573657236272c202770726f66696c6536272c2027313233272c2027313233272c202731323334353637383930272c20276162634078797a2e636f6d272c20312c20276170706c6963616e7427292c0a28372c20277573657237272c202770726f66696c6537272c2027313233272c2027313233272c202731323334353637383930272c20276162634078797a2e636f6d272c20312c20276170706c6963616e7427292c0a28382c20277573657238272c202770726f66696c6538272c2027313233272c2027313233272c202731323334353637383930272c20276162634078797a2e636f6d272c20312c20276170706c6963616e7427292c0a28392c20277573657239272c202770726f66696c6539272c2027313233272c2027313233272c202731323334353637383930272c20276162634078797a2e636f6d272c20312c20276170706c6963616e7427292c0a2831302c2027757365723130272c202770726f66696c653130272c2027313233272c2027313233272c202731323334353637383930272c20276162634078797a2e636f6d272c20312c20276170706c6963616e7427292c0a2831312c20277573657231272c202770726f66696c6531272c2027313233272c2027313233272c202731323334353637383930272c20276162634078797a2e636f6d272c20322c20276170706c6963616e7427292c0a2831322c20277573657232272c202770726f66696c6532272c2027313233272c2027313233272c202731323334353637383930272c20276162634078797a2e636f6d272c20322c20276170706c6963616e7427292c0a2831332c20277573657233272c202770726f66696c6533272c2027313233272c2027313233272c202731323334353637383930272c20276162634078797a2e636f6d272c20322c20276170706c6963616e7427292c0a2831342c20277573657234272c202770726f66696c6534272c2027313233272c2027313233272c202731323334353637383930272c20276162634078797a2e636f6d272c20322c20276170706c6963616e7427292c0a2831352c20277573657235272c202770726f66696c6535272c2027313233272c2027313233272c202731323334353637383930272c20276162634078797a2e636f6d272c20322c20276170706c6963616e7427292c0a2831362c20277573657236272c202770726f66696c6536272c2027313233272c2027313233272c202731323334353637383930272c20276162634078797a2e636f6d272c20322c20276170706c6963616e7427292c0a2831372c20277573657237272c202770726f66696c6537272c2027313233272c2027313233272c202731323334353637383930272c20276162634078797a2e636f6d272c20322c20276170706c6963616e7427292c0a2831382c20277573657238272c202770726f66696c6538272c2027313233272c2027313233272c202731323334353637383930272c20276162634078797a2e636f6d272c20322c20276170706c6963616e7427292c0a2831392c20277573657239272c202770726f66696c6539272c2027313233272c2027313233272c202731323334353637383930272c20276162634078797a2e636f6d272c20322c20276170706c6963616e7427292c0a2832302c2027757365723130272c202770726f66696c653130272c2027313233272c2027313233272c202731323334353637383930272c20276162634078797a2e636f6d272c20322c20276170706c6963616e7427292c0a2832312c20277573657231272c202770726f66696c6531272c2027313233272c2027313233272c202731323334353637383930272c20276162634078797a2e636f6d272c20332c20276170706c6963616e7427292c0a2832322c20277573657232272c202770726f66696c6532272c2027313233272c2027313233272c202731323334353637383930272c20276162634078797a2e636f6d272c20332c20276170706c6963616e7427292c0a2832332c20277573657233272c202770726f66696c6533272c2027313233272c2027313233272c202731323334353637383930272c20276162634078797a2e636f6d272c20332c20276170706c6963616e7427292c0a2832342c20277573657234272c202770726f66696c6534272c2027313233272c2027313233272c202731323334353637383930272c20276162634078797a2e636f6d272c20332c20276170706c6963616e7427292c0a2832352c20277573657235272c202770726f66696c6535272c2027313233272c2027313233272c202731323334353637383930272c20276162634078797a2e636f6d272c20332c20276170706c6963616e7427292c0a2832362c20277573657236272c202770726f66696c6536272c2027313233272c2027313233272c202731323334353637383930272c20276162634078797a2e636f6d272c20332c20276170706c6963616e7427292c0a2832372c20277573657237272c202770726f66696c6537272c2027313233272c2027313233272c202731323334353637383930272c20276162634078797a2e636f6d272c20332c20276170706c6963616e7427292c0a2832382c20277573657238272c202770726f66696c6538272c2027313233272c2027313233272c202731323334353637383930272c20276162634078797a2e636f6d272c20332c20276170706c6963616e7427292c0a2832392c20277573657239272c202770726f66696c6539272c2027313233272c2027313233272c202731323334353637383930272c20276162634078797a2e636f6d272c20332c20276170706c6963616e7427292c0a2833302c2027757365723130272c202770726f66696c653130272c2027313233272c2027313233272c202731323334353637383930272c20276162634078797a2e636f6d272c20332c20276170706c6963616e7427292c0a2833312c202772657631272c20277265767031272c2027313233272c2027313233272c202731323334353637383930272c20276162634078797a2e636f6d272c20312c2027726576696577657227292c0a2833322c202772657632272c20277265767032272c2027313233272c2027313233272c202731323334353637383930272c20276162634078797a2e636f6d272c20312c2027726576696577657227292c0a2833332c202772657633272c20277265767033272c2027313233272c2027313233272c202731323334353637383930272c20276162634078797a2e636f6d272c20312c2027726576696577657227292c0a2833342c202772657634272c20277265767034272c2027313233272c2027313233272c202731323334353637383930272c20276162634078797a2e636f6d272c20312c2027726576696577657227292c0a2833352c202772657635272c20277265767035272c2027313233272c2027313233272c202731323334353637383930272c20276162634078797a2e636f6d272c20312c2027726576696577657227292c0a2833362c202772657631272c20277265767031272c2027313233272c2027313233272c202731323334353637383930272c20276162634078797a2e636f6d272c20322c2027726576696577657227292c0a2833372c202772657632272c20277265767032272c2027313233272c2027313233272c202731323334353637383930272c20276162634078797a2e636f6d272c20322c2027726576696577657227292c0a2833382c202772657633272c20277265767033272c2027313233272c2027313233272c202731323334353637383930272c20276162634078797a2e636f6d272c20322c2027726576696577657227292c0a2833392c202772657634272c20277265767034272c2027313233272c2027313233272c202731323334353637383930272c20276162634078797a2e636f6d272c20322c2027726576696577657227292c0a2834302c202772657635272c20277265767035272c2027313233272c2027313233272c202731323334353637383930272c20276162634078797a2e636f6d272c20322c2027726576696577657227292c0a2835362c202772657631272c20277265767031272c2027313233272c2027313233272c202731323334353637383930272c20276162634078797a2e636f6d272c20332c2027726576696577657227292c0a2835372c202772657632272c20277265767032272c2027313233272c2027313233272c202731323334353637383930272c20276162634078797a2e636f6d272c20332c2027726576696577657227292c0a2835382c202772657633272c20277265767033272c2027313233272c2027313233272c202731323334353637383930272c20276162634078797a2e636f6d272c20332c2027726576696577657227292c0a2835392c202772657634272c20277265767034272c2027313233272c2027313233272c202731323334353637383930272c20276162634078797a2e636f6d272c20332c2027726576696577657227292c0a2836302c202772657635272c20277265767035272c2027313233272c2027313233272c202731323334353637383930272c20276162634078797a2e636f6d272c20332c2027726576696577657227292c0a2836312c202761646d696e31272c202761646d696e7031272c2027313233272c2027313233272c202731323334353637383930272c20276162634078797a2e636f6d272c20312c202761646d696e27292c0a2836322c202761646d696e32272c202761646d696e7032272c2027313233272c2027313233272c202731323334353637383930272c20276162634078797a2e636f6d272c20322c202761646d696e27292c0a2836332c202761646d696e33272c202761646d696e7033272c2027313233272c2027313233272c202731323334353637383930272c20276162634078797a2e636f6d272c20332c202761646d696e27293b0a0a2d2d0a2d2d20436f6e73747261696e747320666f722064756d706564207461626c65730a2d2d0a0a2d2d0a2d2d20436f6e73747261696e747320666f72207461626c652060636f6e665f746f70696373600a2d2d0a414c544552205441424c452060636f6e665f746f70696373600a202041444420434f4e53545241494e542060636f6e665f746f706963735f6962666b5f316020464f524549474e204b4559202860636f6e665f49446029205245464552454e4345532060636f6e666572656e636560202860636f6e665f494460293b0a0a2d2d0a2d2d20436f6e73747261696e747320666f72207461626c6520606e756d5f706170657273600a2d2d0a414c544552205441424c4520606e756d5f706170657273600a202041444420434f4e53545241494e5420606e756d5f7061706572735f6962666b5f316020464f524549474e204b45592028607265765f49446029205245464552454e4345532060757365727360202860757365725f494460293b0a0a2d2d0a2d2d20436f6e73747261696e747320666f72207461626c652060706170657273600a2d2d0a414c544552205441424c452060706170657273600a202041444420434f4e53545241494e5420607061706572735f6962666b5f316020464f524549474e204b4559202860636f6e665f49446029205245464552454e4345532060636f6e666572656e636560202860636f6e665f494460293b0a0a2d2d0a2d2d20436f6e73747261696e747320666f72207461626c65206072657669657773600a2d2d0a414c544552205441424c45206072657669657773600a202041444420434f4e53545241494e542060726576696577735f6962666b5f316020464f524549474e204b4559202860636f6e665f49446029205245464552454e4345532060636f6e666572656e636560202860636f6e665f494460292c0a202041444420434f4e53545241494e542060726576696577735f6962666b5f326020464f524549474e204b455920286070617065725f49446029205245464552454e43455320607061706572736020286070617065725f494460292c0a202041444420434f4e53545241494e542060726576696577735f6962666b5f336020464f524549474e204b45592028607265765f49446029205245464552454e4345532060757365727360202860757365725f494460293b0a0a2d2d0a2d2d20436f6e73747261696e747320666f72207461626c6520607265765f737461747573600a2d2d0a414c544552205441424c4520607265765f737461747573600a202041444420434f4e53545241494e5420607265765f7374617475735f6962666b5f316020464f524549474e204b45592028607265765f49446029205245464552454e4345532060757365727360202860757365725f494460293b0a0a2d2d0a2d2d20436f6e73747261696e747320666f72207461626c6520607265765f746f70696373600a2d2d0a414c544552205441424c4520607265765f746f70696373600a202041444420434f4e53545241494e5420607265765f746f706963735f6962666b5f316020464f524549474e204b45592028607265765f49446029205245464552454e4345532060757365727360202860757365725f494460293b0a0a2d2d0a2d2d20436f6e73747261696e747320666f72207461626c6520607573657273600a2d2d0a414c544552205441424c4520607573657273600a202041444420434f4e53545241494e54206075736572735f6962666b5f316020464f524549474e204b4559202860636f6e665f49446029205245464552454e4345532060636f6e666572656e636560202860636f6e665f494460293b0a0a2f2a21343031303120534554204348415241435445525f5345545f434c49454e543d404f4c445f4348415241435445525f5345545f434c49454e54202a2f3b0a2f2a21343031303120534554204348415241435445525f5345545f524553554c54533d404f4c445f4348415241435445525f5345545f524553554c5453202a2f3b0a2f2a2134303130312053455420434f4c4c4154494f4e5f434f4e4e454354494f4e3d404f4c445f434f4c4c4154494f4e5f434f4e4e454354494f4e202a2f3b0a, 'Bioengineering'),
(13, 1, 1, 'Kert', 0x626f64797b0a0a666f6e743a20313270782056657264616e612c2047656e6576612c2073616e732d73657269663b0a7d0a0a236865616465727b0a77696474683a38303070783b0a6d617267696e3a6175746f3b0a70616464696e673a313070783b0a6261636b67726f756e643a236363633b0a7d0a0a2377656c636f6d650a7b0a77696474683a38303070783b0a6d617267696e3a6175746f3b0a746578742d616c69676e3a63656e7465723b0a636f6c6f723a233335326132613b0a666f6e743a313670782056657264616e612c47656e6576612c73616e732d73657269663b0a6c696e652d6865696768743a323470783b0a0a7d0a0a0a0a23617474725f636f6e667b0a636f6c6f723a233764343930303b0a666f6e742d73697a653a323070783b0a7d0a0a23617474725f646174657b0a636f6c6f723a233764343930303b0a666f6e742d73697a653a313470783b0a7d0a0a23636f6e665f6e616d657b0a77696474683a38303070783b0a6d617267696e3a6175746f3b0a746578742d616c69676e3a63656e7465723b0a636f6c6f723a233335326132613b0a666f6e742d73697a653a323470783b0a7d0a0a2364617465737b0a77696474683a36303070783b0a6d617267696e3a6175746f3b0a746578742d616c69676e3a63656e7465723b0a636f6c6f723a233335326132613b0a666f6e742d73697a653a313470783b0a626f726465723a30707820736f6c696420626c61636b3b0a7d0a0a237265676c6f677b0a2020202077696474683a38303070783b0a202020206d617267696e3a6175746f3b0a7d0a2e7265676c6f6769747b0a2020202077696474683a33303070783b0a202020206865696768743a363570783b0a202020206261636b67726f756e643a236631663166313b0a20202020746578742d616c69676e3a63656e7465723b0a20202020636f6c6f723a233335326132613b0a7d0a236c6566747b0a666c6f61743a6c6566743b0a7d0a2372696768747b0a666c6f61743a72696768743b0a7d0a23636c6561727b0a636c6561723a626f74683b0a7d0a0a2e636f6e7461696e7b090a096d617267696e3a30206175746f3b0a096261636b67726f756e643a236666663b0a0977696474683a35303070783b0a0970616464696e673a3230707820343070783b0a09746578742d616c69676e3a63656e7465723b0a7d0a23746f706963735f63687a6e7b0a77696474683a33313070782021696d706f7274616e743b0a7d0a2e63687a6e2d64726f707b0a77696474683a33313070782021696d706f7274616e743b0a746578742d616c69676e3a6c6566743b0a7d0a, 'Computational Methods'),
(14, 1, 1, 'qwerr', 0x236865616465727b0d0a202020206261636b67726f756e643a236363633b0d0a2020202070616464696e673a387078203070783b0d0a7d0d0a0d0a2e686561642d656c656d7b0d0a2020202077696474683a38303070783b206d617267696e3a6175746f3b636f6c6f723a626c75653b666f6e743a333670782056657264616e612c67656e6576612c73616e732d73657269663b746578742d616c69676e3a63656e7465723b0d0a7d0d0a0d0a237365617263687b0d0a20202020626f726465723a31707820736f6c696420236363633b626f726465722d7261646975733a3470783b2077696474683a38303070783b206d617267696e3a6175746f3b3b6d617267696e2d746f703a313670783b70616464696e673a3470783b70616464696e672d746f703a3870783b6261636b67726f756e643a236631663166313b0d0a7d0d0a0d0a2e666c2d6c6566747b0d0a20202020666c6f61743a6c6566743b0d0a7d0d0a2e666c2d72696768747b0d0a20202020666c6f61743a72696768743b0d0a7d0d0a0d0a2e666c2d636c6561727b0d0a20202020636c6561723a626f74683b0d0a7d0d0a0d0a0d0a23626f64797b0d0a2020202077696474683a3130383870783b6d617267696e3a6175746f3b0d0a202020200d0a7d0d0a23626f64792d6c6566747b0d0a202020200d0a2020206865696768743a34353070783b2077696474683a34383070783b20626f726465723a31707820736f6c696420236363633b70616464696e673a387078203070783b666f6e743a31327078205461686f6d612c67656e6576612c73616e732d73657269663b0d0a7d0d0a0d0a23626f64792d6c6566742d686561647b0d0a20202020746578742d616c69676e3a63656e7465723b666f6e743a313270782056657264616e612c67656e6576612c73616e732d73657269663b666f6e742d73697a653a323070783b70616464696e673a347078203070783b636f6c6f723a233764343930303b626f726465723a30707820736f6c696420626c61636b3b0d0a7d0d0a0d0a73656c6563747b0d0a202020206f75746c696e653a206e6f6e653b0d0a7d0d0a0d0a23636f6e662d6c696e6b7b0d0a20202020746578742d6465636f726174696f6e3a6e6f6e653b0d0a7d0d0a23636f6e662d6974656d7b0d0a77696474683a34303070783b20746578742d616c69676e3a63656e7465723b626f726465723a31707820736f6c696420236363633b6d617267696e3a6175746f3b6d617267696e2d746f703a313270783b70616464696e673a3470783b0d0a202020206261636b67726f756e642d636f6c6f723a236631663166313b0d0a7d0d0a23636f6e662d6974656d3a686f7665727b0d0a202020206261636b67726f756e642d636f6c6f723a236666663b0d0a7d0d0a23636f6e662d6e616d657b0d0a20202020666f6e742d73697a653a313470783b636f6c6f723a233464303031353b6d617267696e2d626f74746f6d3a3070783b0d0a7d0d0a23636f6e662d6465747b0d0a202020206d617267696e2d746f703a3470783b0d0a7d0d0a23636f6e662d6465742d6c69747b0d0a202020206d617267696e2d6c6566743a3870783b636f6c6f723a233335326132610d0a7d0d0a23636f6e662d6465742d7269747b0d0a202020206d617267696e2d72696768743a3870783b636f6c6f723a233335326132610d0a7d0d0a0d0a23626f64792d6761707b0d0a202020200d0a202020206865696768743a33303070783b2077696474683a363070783b20626f726465723a30707820736f6c696420233636363b0d0a7d0d0a23626f64792d72696768747b0d0a202020200d0a202020206865696768743a35303070783b2077696474683a34383070783b20626f726465723a31707820736f6c696420236363633b203b0d0a7d0d0a23626f64792d72696768742d686561647b0d0a2020202077696474683a34303070783b20746578742d616c69676e3a63656e7465723b666f6e743a313270782056657264616e612c67656e6576612c73616e732d73657269663b666f6e742d73697a653a323070783b70616464696e673a347078203070783b636f6c6f723a233764343930303b0d0a7d0d0a0d0a0d0a23746f706963735f63687a6e7b0d0a77696474683a33313070782021696d706f7274616e743b0d0a7d0d0a2e63687a6e2d64726f707b0d0a77696474683a33313070782021696d706f7274616e743b0d0a746578742d616c69676e3a6c6566743b0d0a7d, 'Computer Architecture'),
(15, 1, 1, 'Mathwd', 0x696e707574207b0a202020206f75746c696e653a6e6f6e653b0a202020207472616e736974696f6e3a20616c6c20302e32357320656173652d696e2d6f75743b0a202020202d7765626b69742d7472616e736974696f6e3a20616c6c20302e32357320656173652d696e2d6f75743b0a202020202d6d6f7a2d7472616e736974696f6e3a20616c6c20302e32357320656173652d696e2d6f75743b0a20202020626f726465723a31707820736f6c6964207267626128302c302c302c20302e32293b0a202020206865696768743a323070783b0a2020202077696474683a33303070783b0a2020202070616464696e673a3470783b0a202020206261636b67726f756e642d696d6167653a202d7765626b69742d6772616469656e74286c696e6561722c203020302c203020313030252c20636f6c6f722d73746f702831252c2023656565656565292c20636f6c6f722d73746f70283135252c202366666666666629293b0a202020206261636b67726f756e642d696d6167653a202d7765626b69742d6c696e6561722d6772616469656e7428746f702c20236565656565652031252c202366666666666620313525293b0a202020206261636b67726f756e642d696d6167653a202d6d6f7a2d6c696e6561722d6772616469656e7428746f702c20236565656565652031252c202366666666666620313525293b0a202020206261636b67726f756e642d696d6167653a202d6f2d6c696e6561722d6772616469656e7428746f702c20236565656565652031252c202366666666666620313525293b0a202020206261636b67726f756e642d696d6167653a206c696e6561722d6772616469656e7428236565656565652031252c202366666666666620313525293b0a20202020706f736974696f6e3a2072656c61746976653b0a7d0a0a2e636f6e667b0a0977696474683a31353070783b0a096865696768743a343070783b0a7d0a0a6669656c647365747b0a0970616464696e672d6c6566743a323070783b0a7d0a0a7461626c657b0a096d617267696e2d746f703a2d323070783b0a096d617267696e2d6c6566743a343070783b0a7d0a0a696e7075743a666f637573207b0a20202020626f782d736861646f773a2030203020357078207267626128302c20302c203235352c202e33293b0a202020202d7765626b69742d626f782d736861646f773a2030203020357078207267626128302c20302c203235352c202e33293b200a202020202d6d6f7a2d626f782d736861646f773a2030203020357078207267626128302c20302c203235352c202e33293b0a20202020626f726465723a31707820736f6c696420233538393746420a7d0a0a23636f6e7461696e65727b090a096d617267696e3a30206175746f3b0a096261636b67726f756e643a236666663b0a0977696474683a34303070783b0a0970616464696e673a387078203070783b0a09746578742d616c69676e3a63656e7465723b0a2020202020202020626f726465723a30707820736f6c696420626c61636b3b0a7d0a0a2e7375626d69747b0a096d617267696e3a303b0a0977696474683a33303070783b0a096865696768743a333370783b0a0970616464696e673a37707820303b0a09636f6c6f723a233333333b0a09666f6e742d7765696768743a626f6c643b0a096261636b67726f756e642d636f6c6f723a236666656334363b0a096261636b67726f756e642d7265706561743a7265706561742d783b0a096261636b67726f756e642d696d6167653a2d6b68746d6c2d6772616469656e74286c696e6561722c6c65667420746f702c6c65667420626f74746f6d2c66726f6d2823666665633436292c746f282366613229293b0a096261636b67726f756e642d696d6167653a2d6d6f7a2d6c696e6561722d6772616469656e7428236666656334362c23666132293b0a096261636b67726f756e642d696d6167653a2d6d732d6c696e6561722d6772616469656e7428236666656334362c23666132293b0a096261636b67726f756e642d696d6167653a2d7765626b69742d6772616469656e74286c696e6561722c6c65667420746f702c6c65667420626f74746f6d2c636f6c6f722d73746f702830252c23666665633436292c636f6c6f722d73746f7028313030252c2366613229293b0a096261636b67726f756e642d696d6167653a2d7765626b69742d6c696e6561722d6772616469656e7428236666656334362c23666132293b0a096261636b67726f756e642d696d6167653a2d6f2d6c696e6561722d6772616469656e7428236666656334362c23666132293b0a096261636b67726f756e642d696d6167653a6c696e6561722d6772616469656e7428236666656334362c23666132293b0a09626f726465722d636f6c6f723a236664396430300a7d0a0a2e7375626d69743a686f7665727b0a096261636b67726f756e642d636f6c6f723a236661323b0a096261636b67726f756e642d7265706561743a7265706561742d783b0a096261636b67726f756e642d696d6167653a2d6b68746d6c2d6772616469656e74286c696e6561722c6c65667420746f702c6c65667420626f74746f6d2c66726f6d2823666665633436292c746f282366303936303029293b0a096261636b67726f756e642d696d6167653a2d6d6f7a2d6c696e6561722d6772616469656e7428236666656334362c23663039363030293b0a096261636b67726f756e642d696d6167653a2d6d732d6c696e6561722d6772616469656e7428236666656334362c23663039363030293b0a096261636b67726f756e642d696d6167653a2d7765626b69742d6772616469656e74286c696e6561722c6c65667420746f702c6c65667420626f74746f6d2c636f6c6f722d73746f702830252c23666665633436292c636f6c6f722d73746f7028313030252c2366303936303029293b0a096261636b67726f756e642d696d6167653a2d7765626b69742d6c696e6561722d6772616469656e7428236666656334362c23663039363030293b0a096261636b67726f756e642d696d6167653a2d6f2d6c696e6561722d6772616469656e7428236666656334362c23663039363030293b0a096261636b67726f756e642d696d6167653a6c696e6561722d6772616469656e7428236666656334362c23663039363030293b0a096261636b67726f756e642d706f736974696f6e3a3020303b0a09626f726465722d636f6c6f723a236564393230300a7d0a0a2e7375626d69743a6163746976657b0a092d7765626b69742d626f782d736861646f773a696e73657420302033707820377078207267626128302c302c30202e31292c302031707820327078207267626128302c302c302c302e3035293b0a092d6d6f7a2d626f782d736861646f773a696e73657420302033707820377078207267626128302c302c302c302e31292c302031707820327078207267626128302c302c302c302e3035293b0a09626f782d736861646f773a696e73657420302033707820377078207267626128302c302c302c302e31292c302031707820327078207267626128302c302c302c302e3035290a7d0a, 'Computer Architecture'),
(16, 1, 1, 'Mathwd747', 0x3c21444f43545950452068746d6c3e0a3c212d2d2073617665642066726f6d2075726c3d283030333629687474703a2f2f6c6f63616c686f73743a383038302f434f4d532f61646d696e2e6a7370202d2d3e0a3c68746d6c3e3c686561643e3c6d65746120687474702d65717569763d22436f6e74656e742d547970652220636f6e74656e743d22746578742f68746d6c3b20636861727365743d5554462d38223e0a20202020202020200a20202020202020203c7469746c653e41646d696e2d434f4d533c2f7469746c653e0a202020203c7363726970743e3c2f7363726970743e3c2f686561643e0a202020203c626f64793e0a20202020202020200a20202020202020203c68313e2057656c636f6d652061646d696e310a203c2f68313e0a20202020202020203c6469762069643d22726174696e677322207374796c653d22666c6f61743a206e6f6e653b2077696474683a2031303025223e200a2020202020202020202020203c68313e5468697320697320746865206c697374206f6620616c6c2074686520706170657273207375626d697474656420616c6f6e67207769746820746865697220726174696e67733c2f68313e20202020202020200a20202020202020200a2020202020202020202020203c64697620636c6173733d22706170657222207374796c653d22626f726465723a2031707820736f6c696420677261793b20666c6f61743a206c6566743b206d617267696e2d6c6566743a20313570783b2070616464696e673a2031357078223e0a202020202020202020202020202020203c703e50617065722049443a20370a3c2f703e0a202020202020202020202020203c703e55706c6f616465642042793a2075736572340a3c2f703e0a202020202020202020202020203c703e52657669657765642042793a20726576320a3c2f703e0a202020202020202020202020203c703e526174696e673a2031300a3c2f703e3c2f6469763e0a20202020202020200a2020202020202020202020203c64697620636c6173733d22706170657222207374796c653d22626f726465723a2031707820736f6c696420677261793b20666c6f61743a206c6566743b206d617267696e2d6c6566743a20313570783b2070616464696e673a2031357078223e0a202020202020202020202020202020203c703e50617065722049443a20360a3c2f703e0a202020202020202020202020203c703e55706c6f616465642042793a2075736572330a3c2f703e0a202020202020202020202020203c703e52657669657765642042793a20726576320a3c2f703e0a202020202020202020202020203c703e526174696e673a20390a3c2f703e3c2f6469763e0a20202020202020200a2020202020202020202020203c64697620636c6173733d22706170657222207374796c653d22626f726465723a2031707820736f6c696420677261793b20666c6f61743a206c6566743b206d617267696e2d6c6566743a20313570783b2070616464696e673a2031357078223e0a202020202020202020202020202020203c703e50617065722049443a20330a3c2f703e0a202020202020202020202020203c703e55706c6f616465642042793a2075736572320a3c2f703e0a202020202020202020202020203c703e52657669657765642042793a20726576320a3c2f703e0a202020202020202020202020203c703e526174696e673a20380a3c2f703e3c2f6469763e0a20202020202020200a2020202020202020202020203c64697620636c6173733d22706170657222207374796c653d22626f726465723a2031707820736f6c696420677261793b20666c6f61743a206c6566743b206d617267696e2d6c6566743a20313570783b2070616464696e673a2031357078223e0a202020202020202020202020202020203c703e50617065722049443a20340a3c2f703e0a202020202020202020202020203c703e55706c6f616465642042793a2075736572320a3c2f703e0a202020202020202020202020203c703e52657669657765642042793a20726576330a3c2f703e0a202020202020202020202020203c703e526174696e673a20370a3c2f703e3c2f6469763e0a20202020202020200a2020202020202020202020203c64697620636c6173733d22706170657222207374796c653d22626f726465723a2031707820736f6c696420677261793b20666c6f61743a206c6566743b206d617267696e2d6c6566743a20313570783b2070616464696e673a2031357078223e0a202020202020202020202020202020203c703e50617065722049443a20310a3c2f703e0a202020202020202020202020203c703e55706c6f616465642042793a2075736572310a3c2f703e0a202020202020202020202020203c703e52657669657765642042793a20726576330a3c2f703e0a202020202020202020202020203c703e526174696e673a20350a3c2f703e3c2f6469763e0a20202020202020200a2020202020202020202020203c64697620636c6173733d22706170657222207374796c653d22626f726465723a2031707820736f6c696420677261793b20666c6f61743a206c6566743b206d617267696e2d6c6566743a20313570783b2070616464696e673a2031357078223e0a202020202020202020202020202020203c703e50617065722049443a20350a3c2f703e0a202020202020202020202020203c703e55706c6f616465642042793a2075736572330a3c2f703e0a202020202020202020202020203c703e52657669657765642042793a20726576340a3c2f703e0a202020202020202020202020203c703e526174696e673a20350a3c2f703e3c2f6469763e0a20202020202020200a2020202020202020202020203c64697620636c6173733d22706170657222207374796c653d22626f726465723a2031707820736f6c696420677261793b20666c6f61743a206c6566743b206d617267696e2d6c6566743a20313570783b2070616464696e673a2031357078223e0a202020202020202020202020202020203c703e50617065722049443a20390a3c2f703e0a202020202020202020202020203c703e55706c6f616465642042793a2075736572360a3c2f703e0a202020202020202020202020203c703e52657669657765642042793a20726576320a3c2f703e0a202020202020202020202020203c703e526174696e673a20340a3c2f703e3c2f6469763e0a20202020202020200a2020202020202020202020203c64697620636c6173733d22706170657222207374796c653d22626f726465723a2031707820736f6c696420677261793b20666c6f61743a206c6566743b206d617267696e2d6c6566743a20313570783b2070616464696e673a2031357078223e0a202020202020202020202020202020203c703e50617065722049443a20380a3c2f703e0a202020202020202020202020203c703e55706c6f616465642042793a2075736572350a3c2f703e0a202020202020202020202020203c703e52657669657765642042793a20726576350a3c2f703e0a202020202020202020202020203c703e526174696e673a20330a3c2f703e3c2f6469763e0a20202020202020200a2020202020202020202020203c64697620636c6173733d22706170657222207374796c653d22626f726465723a2031707820736f6c696420677261793b20666c6f61743a206c6566743b206d617267696e2d6c6566743a20313570783b2070616464696e673a2031357078223e0a202020202020202020202020202020203c703e50617065722049443a20320a3c2f703e0a202020202020202020202020203c703e55706c6f616465642042793a2075736572310a3c2f703e0a202020202020202020202020203c703e52657669657765642042793a20726576310a3c2f703e0a202020202020202020202020203c703e526174696e673a20320a3c2f703e3c2f6469763e0a20202020202020200a202020200a20202020202020203c2f6469763e0a20202020202020203c6469762069643d22705f72657173223e0a2020202020202020202020203c68313e50656e64696e672052657175657374733c2f68313e0a2020202020202020202020200a2020202020202020202020203c64697620636c6173733d22726576223e0a202020202020202020202020202020203c7020666c6f61743d226c656674223e5265762049443a2036380a0a2020202020202020202020203c2f703e3c7020666c6f61743d226c656674223e526576204e616d653a20726576360a0a2020202020202020202020203c2f703e3c666f726d20616374696f6e3d22687474703a2f2f6c6f63616c686f73743a383038302f434f4d532f6163636570745f72657622206e616d653d2266726d4c6f67696e22206d6574686f643d22706f737422206f6e7375626d69743d226163636570745f7265763b22207374796c653d22666c6f61743a206c656674223e0a202020202020202020202020202020203c696e707574206e616d653d227265765f6964222073697a653d2231352220747970653d2268696464656e222076616c75653d2236380a2220666c6f61743d226c656674223e0a202020202020202020202020202020203c696e707574206e616d653d2275726c222073697a653d2231352220747970653d2268696464656e222076616c75653d2270656e64696e675f726571732e6a73702220666c6f61743d226c656674223e0a202020202020202020202020202020203c696e70757420747970653d227375626d6974222076616c75653d22416363657074223e0a2020202020202020202020203c2f666f726d3e0a2020202020202020202020203c666f726d20616374696f6e3d22687474703a2f2f6c6f63616c686f73743a383038302f434f4d532f6465636c696e655f72657622206e616d653d2266726d4c6f67696e22206d6574686f643d22706f737422206f6e7375626d69743d226465636c696e655f7265763b223e0a202020202020202020202020202020203c696e707574206e616d653d227265765f6964222073697a653d2231352220747970653d2268696464656e222076616c75653d2236380a2220666c6f61743d226c656674223e0a202020202020202020202020202020203c696e707574206e616d653d2275726c222073697a653d2231352220747970653d2268696464656e222076616c75653d2270656e64696e675f726571732e6a73702220666c6f61743d226c656674223e0a202020202020202020202020202020203c696e70757420747970653d227375626d6974222076616c75653d224465636c696e65223e0a2020202020202020202020203c2f666f726d3e0a2020202020202020202020203c68723e0a2020202020202020202020203c2f6469763e0a2020202020202020202020200a2020202020202020202020200a2020202020202020202020203c64697620636c6173733d22726576223e0a202020202020202020202020202020203c7020666c6f61743d226c656674223e5265762049443a2033330a0a2020202020202020202020203c2f703e3c7020666c6f61743d226c656674223e526576204e616d653a20726576330a0a2020202020202020202020203c2f703e3c666f726d20616374696f6e3d22687474703a2f2f6c6f63616c686f73743a383038302f434f4d532f6163636570745f72657622206e616d653d2266726d4c6f67696e22206d6574686f643d22706f737422206f6e7375626d69743d226163636570745f7265763b22207374796c653d22666c6f61743a206c656674223e0a202020202020202020202020202020203c696e707574206e616d653d227265765f6964222073697a653d2231352220747970653d2268696464656e222076616c75653d2233330a2220666c6f61743d226c656674223e0a202020202020202020202020202020203c696e707574206e616d653d2275726c222073697a653d2231352220747970653d2268696464656e222076616c75653d2270656e64696e675f726571732e6a73702220666c6f61743d226c656674223e0a202020202020202020202020202020203c696e70757420747970653d227375626d6974222076616c75653d22416363657074223e0a2020202020202020202020203c2f666f726d3e0a2020202020202020202020203c666f726d20616374696f6e3d22687474703a2f2f6c6f63616c686f73743a383038302f434f4d532f6465636c696e655f72657622206e616d653d2266726d4c6f67696e22206d6574686f643d22706f737422206f6e7375626d69743d226465636c696e655f7265763b223e0a202020202020202020202020202020203c696e707574206e616d653d227265765f6964222073697a653d2231352220747970653d2268696464656e222076616c75653d2233330a2220666c6f61743d226c656674223e0a202020202020202020202020202020203c696e707574206e616d653d2275726c222073697a653d2231352220747970653d2268696464656e222076616c75653d2270656e64696e675f726571732e6a73702220666c6f61743d226c656674223e0a202020202020202020202020202020203c696e70757420747970653d227375626d6974222076616c75653d224465636c696e65223e0a2020202020202020202020203c2f666f726d3e0a2020202020202020202020203c68723e0a2020202020202020202020203c2f6469763e0a2020202020202020202020200a2020202020202020202020200a20202020202020202020203c2f6469763e0a202020202020202020203c6469762069643d22645f72657173223e0a20202020202020202020202020203c68313e4465636c696e65642052657175657374733c2f68313e0a2020202020202020202020200a2020202020202020202020203c64697620636c6173733d22726576223e0a202020202020202020202020202020203c7020666c6f61743d226c656674223e5265762049443a2033350a0a2020202020202020202020203c2f703e3c7020666c6f61743d226c656674223e526576204e616d653a20726576350a0a2020202020202020202020203c2f703e3c666f726d20616374696f6e3d22687474703a2f2f6c6f63616c686f73743a383038302f434f4d532f6163636570745f72657622206e616d653d2266726d4c6f67696e22206d6574686f643d22706f737422206f6e7375626d69743d226163636570745f7265763b223e0a202020202020202020202020202020203c696e707574206e616d653d227265765f6964222073697a653d2231352220747970653d2268696464656e222076616c75653d2233350a2220666c6f61743d226c656674223e0a20202020202020202020202020202020203c696e707574206e616d653d2275726c222073697a653d2231352220747970653d2268696464656e222076616c75653d226465636c696e65645f72657175657374732e6a73702220666c6f61743d226c656674223e0a202020202020202020202020202020203c696e70757420747970653d227375626d6974222076616c75653d22416363657074223e0a2020202020202020202020203c2f666f726d3e0a2020202020202020202020203c2f6469763e0a2020202020202020202020203c68723e0a2020202020202020202020200a2020202020202020202020203c64697620636c6173733d22726576223e0a202020202020202020202020202020203c7020666c6f61743d226c656674223e5265762049443a2033340a0a2020202020202020202020203c2f703e3c7020666c6f61743d226c656674223e526576204e616d653a20726576340a0a2020202020202020202020203c2f703e3c666f726d20616374696f6e3d22687474703a2f2f6c6f63616c686f73743a383038302f434f4d532f6163636570745f72657622206e616d653d2266726d4c6f67696e22206d6574686f643d22706f737422206f6e7375626d69743d226163636570745f7265763b223e0a202020202020202020202020202020203c696e707574206e616d653d227265765f6964222073697a653d2231352220747970653d2268696464656e222076616c75653d2233340a2220666c6f61743d226c656674223e0a20202020202020202020202020202020203c696e707574206e616d653d2275726c222073697a653d2231352220747970653d2268696464656e222076616c75653d226465636c696e65645f72657175657374732e6a73702220666c6f61743d226c656674223e0a202020202020202020202020202020203c696e70757420747970653d227375626d6974222076616c75653d22416363657074223e0a2020202020202020202020203c2f666f726d3e0a2020202020202020202020203c2f6469763e0a2020202020202020202020203c68723e0a2020202020202020202020200a202020202020202020203c2f6469763e0a202020202020202020202020200a2020202020202020202020200a2020202020202020200a2020202020202020200a202020200a3c6469762069643d226d697870616e656c22207374796c653d227669736962696c6974793a2068696464656e3b20223e3c2f6469763e3c2f626f64793e3c2f68746d6c3e, 'Computer Architecture');
INSERT INTO `papers` (`paper_ID`, `app_ID`, `conf_ID`, `title`, `paper`, `topic`) VALUES
(17, 1, 1, 'Mathwd747', 0x3c21444f43545950452068746d6c3e0a3c212d2d2073617665642066726f6d2075726c3d283030333629687474703a2f2f6c6f63616c686f73743a383038302f434f4d532f61646d696e2e6a7370202d2d3e0a3c68746d6c3e3c686561643e3c6d65746120687474702d65717569763d22436f6e74656e742d547970652220636f6e74656e743d22746578742f68746d6c3b20636861727365743d5554462d38223e0a20202020202020200a20202020202020203c7469746c653e41646d696e2d434f4d533c2f7469746c653e0a202020203c7363726970743e3c2f7363726970743e3c2f686561643e0a202020203c626f64793e0a20202020202020200a20202020202020203c68313e2057656c636f6d652061646d696e310a203c2f68313e0a20202020202020203c6469762069643d22726174696e677322207374796c653d22666c6f61743a206e6f6e653b2077696474683a2031303025223e200a2020202020202020202020203c68313e5468697320697320746865206c697374206f6620616c6c2074686520706170657273207375626d697474656420616c6f6e67207769746820746865697220726174696e67733c2f68313e20202020202020200a20202020202020200a2020202020202020202020203c64697620636c6173733d22706170657222207374796c653d22626f726465723a2031707820736f6c696420677261793b20666c6f61743a206c6566743b206d617267696e2d6c6566743a20313570783b2070616464696e673a2031357078223e0a202020202020202020202020202020203c703e50617065722049443a20370a3c2f703e0a202020202020202020202020203c703e55706c6f616465642042793a2075736572340a3c2f703e0a202020202020202020202020203c703e52657669657765642042793a20726576320a3c2f703e0a202020202020202020202020203c703e526174696e673a2031300a3c2f703e3c2f6469763e0a20202020202020200a2020202020202020202020203c64697620636c6173733d22706170657222207374796c653d22626f726465723a2031707820736f6c696420677261793b20666c6f61743a206c6566743b206d617267696e2d6c6566743a20313570783b2070616464696e673a2031357078223e0a202020202020202020202020202020203c703e50617065722049443a20360a3c2f703e0a202020202020202020202020203c703e55706c6f616465642042793a2075736572330a3c2f703e0a202020202020202020202020203c703e52657669657765642042793a20726576320a3c2f703e0a202020202020202020202020203c703e526174696e673a20390a3c2f703e3c2f6469763e0a20202020202020200a2020202020202020202020203c64697620636c6173733d22706170657222207374796c653d22626f726465723a2031707820736f6c696420677261793b20666c6f61743a206c6566743b206d617267696e2d6c6566743a20313570783b2070616464696e673a2031357078223e0a202020202020202020202020202020203c703e50617065722049443a20330a3c2f703e0a202020202020202020202020203c703e55706c6f616465642042793a2075736572320a3c2f703e0a202020202020202020202020203c703e52657669657765642042793a20726576320a3c2f703e0a202020202020202020202020203c703e526174696e673a20380a3c2f703e3c2f6469763e0a20202020202020200a2020202020202020202020203c64697620636c6173733d22706170657222207374796c653d22626f726465723a2031707820736f6c696420677261793b20666c6f61743a206c6566743b206d617267696e2d6c6566743a20313570783b2070616464696e673a2031357078223e0a202020202020202020202020202020203c703e50617065722049443a20340a3c2f703e0a202020202020202020202020203c703e55706c6f616465642042793a2075736572320a3c2f703e0a202020202020202020202020203c703e52657669657765642042793a20726576330a3c2f703e0a202020202020202020202020203c703e526174696e673a20370a3c2f703e3c2f6469763e0a20202020202020200a2020202020202020202020203c64697620636c6173733d22706170657222207374796c653d22626f726465723a2031707820736f6c696420677261793b20666c6f61743a206c6566743b206d617267696e2d6c6566743a20313570783b2070616464696e673a2031357078223e0a202020202020202020202020202020203c703e50617065722049443a20310a3c2f703e0a202020202020202020202020203c703e55706c6f616465642042793a2075736572310a3c2f703e0a202020202020202020202020203c703e52657669657765642042793a20726576330a3c2f703e0a202020202020202020202020203c703e526174696e673a20350a3c2f703e3c2f6469763e0a20202020202020200a2020202020202020202020203c64697620636c6173733d22706170657222207374796c653d22626f726465723a2031707820736f6c696420677261793b20666c6f61743a206c6566743b206d617267696e2d6c6566743a20313570783b2070616464696e673a2031357078223e0a202020202020202020202020202020203c703e50617065722049443a20350a3c2f703e0a202020202020202020202020203c703e55706c6f616465642042793a2075736572330a3c2f703e0a202020202020202020202020203c703e52657669657765642042793a20726576340a3c2f703e0a202020202020202020202020203c703e526174696e673a20350a3c2f703e3c2f6469763e0a20202020202020200a2020202020202020202020203c64697620636c6173733d22706170657222207374796c653d22626f726465723a2031707820736f6c696420677261793b20666c6f61743a206c6566743b206d617267696e2d6c6566743a20313570783b2070616464696e673a2031357078223e0a202020202020202020202020202020203c703e50617065722049443a20390a3c2f703e0a202020202020202020202020203c703e55706c6f616465642042793a2075736572360a3c2f703e0a202020202020202020202020203c703e52657669657765642042793a20726576320a3c2f703e0a202020202020202020202020203c703e526174696e673a20340a3c2f703e3c2f6469763e0a20202020202020200a2020202020202020202020203c64697620636c6173733d22706170657222207374796c653d22626f726465723a2031707820736f6c696420677261793b20666c6f61743a206c6566743b206d617267696e2d6c6566743a20313570783b2070616464696e673a2031357078223e0a202020202020202020202020202020203c703e50617065722049443a20380a3c2f703e0a202020202020202020202020203c703e55706c6f616465642042793a2075736572350a3c2f703e0a202020202020202020202020203c703e52657669657765642042793a20726576350a3c2f703e0a202020202020202020202020203c703e526174696e673a20330a3c2f703e3c2f6469763e0a20202020202020200a2020202020202020202020203c64697620636c6173733d22706170657222207374796c653d22626f726465723a2031707820736f6c696420677261793b20666c6f61743a206c6566743b206d617267696e2d6c6566743a20313570783b2070616464696e673a2031357078223e0a202020202020202020202020202020203c703e50617065722049443a20320a3c2f703e0a202020202020202020202020203c703e55706c6f616465642042793a2075736572310a3c2f703e0a202020202020202020202020203c703e52657669657765642042793a20726576310a3c2f703e0a202020202020202020202020203c703e526174696e673a20320a3c2f703e3c2f6469763e0a20202020202020200a202020200a20202020202020203c2f6469763e0a20202020202020203c6469762069643d22705f72657173223e0a2020202020202020202020203c68313e50656e64696e672052657175657374733c2f68313e0a2020202020202020202020200a2020202020202020202020203c64697620636c6173733d22726576223e0a202020202020202020202020202020203c7020666c6f61743d226c656674223e5265762049443a2036380a0a2020202020202020202020203c2f703e3c7020666c6f61743d226c656674223e526576204e616d653a20726576360a0a2020202020202020202020203c2f703e3c666f726d20616374696f6e3d22687474703a2f2f6c6f63616c686f73743a383038302f434f4d532f6163636570745f72657622206e616d653d2266726d4c6f67696e22206d6574686f643d22706f737422206f6e7375626d69743d226163636570745f7265763b22207374796c653d22666c6f61743a206c656674223e0a202020202020202020202020202020203c696e707574206e616d653d227265765f6964222073697a653d2231352220747970653d2268696464656e222076616c75653d2236380a2220666c6f61743d226c656674223e0a202020202020202020202020202020203c696e707574206e616d653d2275726c222073697a653d2231352220747970653d2268696464656e222076616c75653d2270656e64696e675f726571732e6a73702220666c6f61743d226c656674223e0a202020202020202020202020202020203c696e70757420747970653d227375626d6974222076616c75653d22416363657074223e0a2020202020202020202020203c2f666f726d3e0a2020202020202020202020203c666f726d20616374696f6e3d22687474703a2f2f6c6f63616c686f73743a383038302f434f4d532f6465636c696e655f72657622206e616d653d2266726d4c6f67696e22206d6574686f643d22706f737422206f6e7375626d69743d226465636c696e655f7265763b223e0a202020202020202020202020202020203c696e707574206e616d653d227265765f6964222073697a653d2231352220747970653d2268696464656e222076616c75653d2236380a2220666c6f61743d226c656674223e0a202020202020202020202020202020203c696e707574206e616d653d2275726c222073697a653d2231352220747970653d2268696464656e222076616c75653d2270656e64696e675f726571732e6a73702220666c6f61743d226c656674223e0a202020202020202020202020202020203c696e70757420747970653d227375626d6974222076616c75653d224465636c696e65223e0a2020202020202020202020203c2f666f726d3e0a2020202020202020202020203c68723e0a2020202020202020202020203c2f6469763e0a2020202020202020202020200a2020202020202020202020200a2020202020202020202020203c64697620636c6173733d22726576223e0a202020202020202020202020202020203c7020666c6f61743d226c656674223e5265762049443a2033330a0a2020202020202020202020203c2f703e3c7020666c6f61743d226c656674223e526576204e616d653a20726576330a0a2020202020202020202020203c2f703e3c666f726d20616374696f6e3d22687474703a2f2f6c6f63616c686f73743a383038302f434f4d532f6163636570745f72657622206e616d653d2266726d4c6f67696e22206d6574686f643d22706f737422206f6e7375626d69743d226163636570745f7265763b22207374796c653d22666c6f61743a206c656674223e0a202020202020202020202020202020203c696e707574206e616d653d227265765f6964222073697a653d2231352220747970653d2268696464656e222076616c75653d2233330a2220666c6f61743d226c656674223e0a202020202020202020202020202020203c696e707574206e616d653d2275726c222073697a653d2231352220747970653d2268696464656e222076616c75653d2270656e64696e675f726571732e6a73702220666c6f61743d226c656674223e0a202020202020202020202020202020203c696e70757420747970653d227375626d6974222076616c75653d22416363657074223e0a2020202020202020202020203c2f666f726d3e0a2020202020202020202020203c666f726d20616374696f6e3d22687474703a2f2f6c6f63616c686f73743a383038302f434f4d532f6465636c696e655f72657622206e616d653d2266726d4c6f67696e22206d6574686f643d22706f737422206f6e7375626d69743d226465636c696e655f7265763b223e0a202020202020202020202020202020203c696e707574206e616d653d227265765f6964222073697a653d2231352220747970653d2268696464656e222076616c75653d2233330a2220666c6f61743d226c656674223e0a202020202020202020202020202020203c696e707574206e616d653d2275726c222073697a653d2231352220747970653d2268696464656e222076616c75653d2270656e64696e675f726571732e6a73702220666c6f61743d226c656674223e0a202020202020202020202020202020203c696e70757420747970653d227375626d6974222076616c75653d224465636c696e65223e0a2020202020202020202020203c2f666f726d3e0a2020202020202020202020203c68723e0a2020202020202020202020203c2f6469763e0a2020202020202020202020200a2020202020202020202020200a20202020202020202020203c2f6469763e0a202020202020202020203c6469762069643d22645f72657173223e0a20202020202020202020202020203c68313e4465636c696e65642052657175657374733c2f68313e0a2020202020202020202020200a2020202020202020202020203c64697620636c6173733d22726576223e0a202020202020202020202020202020203c7020666c6f61743d226c656674223e5265762049443a2033350a0a2020202020202020202020203c2f703e3c7020666c6f61743d226c656674223e526576204e616d653a20726576350a0a2020202020202020202020203c2f703e3c666f726d20616374696f6e3d22687474703a2f2f6c6f63616c686f73743a383038302f434f4d532f6163636570745f72657622206e616d653d2266726d4c6f67696e22206d6574686f643d22706f737422206f6e7375626d69743d226163636570745f7265763b223e0a202020202020202020202020202020203c696e707574206e616d653d227265765f6964222073697a653d2231352220747970653d2268696464656e222076616c75653d2233350a2220666c6f61743d226c656674223e0a20202020202020202020202020202020203c696e707574206e616d653d2275726c222073697a653d2231352220747970653d2268696464656e222076616c75653d226465636c696e65645f72657175657374732e6a73702220666c6f61743d226c656674223e0a202020202020202020202020202020203c696e70757420747970653d227375626d6974222076616c75653d22416363657074223e0a2020202020202020202020203c2f666f726d3e0a2020202020202020202020203c2f6469763e0a2020202020202020202020203c68723e0a2020202020202020202020200a2020202020202020202020203c64697620636c6173733d22726576223e0a202020202020202020202020202020203c7020666c6f61743d226c656674223e5265762049443a2033340a0a2020202020202020202020203c2f703e3c7020666c6f61743d226c656674223e526576204e616d653a20726576340a0a2020202020202020202020203c2f703e3c666f726d20616374696f6e3d22687474703a2f2f6c6f63616c686f73743a383038302f434f4d532f6163636570745f72657622206e616d653d2266726d4c6f67696e22206d6574686f643d22706f737422206f6e7375626d69743d226163636570745f7265763b223e0a202020202020202020202020202020203c696e707574206e616d653d227265765f6964222073697a653d2231352220747970653d2268696464656e222076616c75653d2233340a2220666c6f61743d226c656674223e0a20202020202020202020202020202020203c696e707574206e616d653d2275726c222073697a653d2231352220747970653d2268696464656e222076616c75653d226465636c696e65645f72657175657374732e6a73702220666c6f61743d226c656674223e0a202020202020202020202020202020203c696e70757420747970653d227375626d6974222076616c75653d22416363657074223e0a2020202020202020202020203c2f666f726d3e0a2020202020202020202020203c2f6469763e0a2020202020202020202020203c68723e0a2020202020202020202020200a202020202020202020203c2f6469763e0a202020202020202020202020200a2020202020202020202020200a2020202020202020200a2020202020202020200a202020200a3c6469762069643d226d697870616e656c22207374796c653d227669736962696c6974793a2068696464656e3b20223e3c2f6469763e3c2f626f64793e3c2f68746d6c3e, 'Computer Architecture'),
(18, 1, 1, 'Mathe22', 0x3c252d2d200a20202020446f63756d656e742020203a2061646d696e0a2020202043726561746564206f6e203a2034204e6f762c20323031322c20323a33353a323220414d0a20202020417574686f7220202020203a2056616d73690a2d2d253e0a0a3c25407061676520696d706f72743d22636f6e6e6563742e64625f636f6e6e65637422253e0a3c25407061676520696d706f72743d226a6176612e73716c2e526573756c7453657422253e0a3c25407061676520696d706f72743d226a6176612e73716c2e507265706172656453746174656d656e7422253e0a3c25407061676520696d706f72743d226a6176612e73716c2e436f6e6e656374696f6e22253e0a3c25407061676520636f6e74656e74547970653d22746578742f68746d6c222070616765456e636f64696e673d225554462d3822253e0a3c21444f43545950452068746d6c3e0a3c68746d6c3e0a202020203c686561643e0a20202020202020203c6d65746120687474702d65717569763d22436f6e74656e742d547970652220636f6e74656e743d22746578742f68746d6c3b20636861727365743d5554462d38223e0a20202020202020203c7469746c653e41646d696e2d434f4d533c2f7469746c653e0a202020203c2f686561643e0a202020203c626f64793e0a20202020202020203c250a20202020202020202020204874747053657373696f6e2073203d20726571756573742e67657453657373696f6e28293b0a2020202020202020202020732e7365744174747269627574652822757365725f6e616d65222c202261646d696e3122293b0a2020202020202020202020732e7365744174747269627574652822636f6e665f6964222c2031293b0a2020202020202020202020537472696e67206e616d65203d2028537472696e6729732e6765744174747269627574652822757365725f6e616d6522293b0a2020202020202020202020696e7420635f6964203d2028496e746567657229732e6765744174747269627574652822636f6e665f696422293b0a2020202020202020253e0a20202020202020203c68313e2057656c636f6d65203c256f75742e7072696e746c6e286e616d65293b20253e203c2f68313e0a20202020202020203c6469762069643d22726174696e677322207374796c653d22666c6f61743a206e6f6e653b2077696474683a2031303025223e200a2020202020202020202020203c68313e5468697320697320746865206c697374206f6620616c6c2074686520706170657273207375626d697474656420616c6f6e67207769746820746865697220726174696e67733c2f68313e20202020202020200a20202020202020203c250a202020202020202020537472696e672044424e414d45203d2022636f6d73223b0a202020202020202020537472696e672044425f555345524e414d45203d2022726f6f74223b0a202020202020202020537472696e672044425f50415353574f5244203d2022223b0a202020202020202020537472696e6720515545525931203d202273656c65637420726576696577732e70617065725f49442c7265762e757365725f6e616d652c6170702e757365725f6e616d652c726174696e672066726f6d207061706572732c7573657273206173207265762c207573657273206173206170702c2072657669657773207768657265207061706572732e70617065725f4944203d20726576696577732e70617065725f494420616e64207265765f4944203d207265762e757365725f494420616e64206170705f4944203d206170702e757365725f494420616e6420726576696577732e636f6e665f49443d222b635f6964202b2022206f7264657220627920726174696e67206465736322203b0a202020202020202020537472696e6720515545525932203d202273656c656374207265765f49442c7374617475732c757365725f6e616d652066726f6d207265765f7374617475732c7573657273207768657265207265765f7374617475732e7265765f4944203d2075736572732e757365725f494420616e64207265765f7374617475732e7374617475733d27496e6163746976652720616e642075736572732e636f6e665f49443d222b635f6964202b2022206f72646572206279207265765f4944206465736322203b0a202020202020202020537472696e6720515545525933203d202273656c656374207265765f49442c7374617475732c757365725f6e616d652066726f6d207265765f7374617475732c7573657273207768657265207265765f7374617475732e7265765f4944203d2075736572732e757365725f494420616e64207265765f7374617475732e7374617475733d274465636c696e65642720616e642075736572732e636f6e665f49443d222b635f69642b22206f72646572206279207265765f49442064657363223b0a202020202020202020436f6e6e656374696f6e20636f6e3b0a202020202020202020636f6e203d206e756c6c3b0a2020202020202020747279207b0a202020202020202064625f636f6e6e6563742078203d206e65772064625f636f6e6e65637428293b0a2020202020202020636f6e203d20782e636f6e6e65637428293b0a202020202020200a2020202020202020507265706172656453746174656d656e74207072657053746d74203d20636f6e2e7072657061726553746174656d656e7428515545525931293b0a2020202020202020526573756c74536574207273203d207072657053746d742e65786563757465517565727928293b0a20202020202020206966282172732e6e65787428292920253e203c703e4e6f2070617065727320746f2073686f772e203c2f703e203c250a202020202020202072732e70726576696f757328293b0a20202020202020207768696c652872732e6e657874282929207b0a2020202020202020696e74206964203d2072732e676574496e742822726576696577732e70617065725f494422293b0a2020202020202020537472696e6720726576203d2072732e676574537472696e6728227265762e757365725f6e616d6522293b0a2020202020202020537472696e6720617070203d2072732e676574537472696e6728226170702e757365725f6e616d6522293b20202020202020200a2020202020202020696e7420726174696e67203d2072732e676574496e742822726174696e6722293b0a2020202020202020253e0a2020202020202020202020203c64697620636c6173733d22706170657222207374796c653d22626f726465723a2031707820736f6c696420677261793b20666c6f61743a206c6566743b206d617267696e2d6c6566743a20313570783b2070616464696e673a2031357078223e0a202020202020202020202020202020203c703e50617065722049443a203c250a202020202020202020202020202020206f75742e7072696e746c6e286964293b0a20202020202020202020202020253e3c2f703e0a202020202020202020202020203c703e55706c6f616465642042793a203c250a202020202020202020202020202020206f75742e7072696e746c6e28617070293b0a20202020202020202020202020202020202020202020202020202020253e3c2f703e0a202020202020202020202020203c703e52657669657765642042793a203c250a202020202020202020202020202020206f75742e7072696e746c6e28726576293b0a20202020202020202020202020202020202020202020202020202020253e3c2f703e0a202020202020202020202020203c703e526174696e673a203c250a202020202020202020202020202020206f75742e7072696e746c6e28726174696e67293b0a20202020202020202020202020253e3c2f703e3c2f6469763e0a20202020202020203c25207d0a2020202020202020253e0a202020200a20202020202020203c2f6469763e0a20202020202020203c6469762069643d22705f72657173223e0a2020202020202020202020203c68313e50656e64696e672052657175657374733c2f68313e0a2020202020202020202020203c250a202020202020207072657053746d74203d20636f6e2e7072657061726553746174656d656e7428515545525932293b0a202020202020207273203d207072657053746d742e65786563757465517565727928293b0a20202020202020206966282172732e6e65787428292920253e203c703e4e6f2070656e64696e6720726571756573747320746f20646973706c61792e203c2f703e203c250a202020202020202072732e70726576696f757328293b0a20202020202020207768696c652872732e6e657874282929207b0a202020202020202020202020253e0a2020202020202020202020203c64697620636c6173733d22726576223e0a202020202020202020202020202020203c7020666c6f61743d226c656674223e5265762049443a203c250a202020202020202020202020696e74206964203d2072732e676574496e7428227265765f494422293b0a202020202020202020202020537472696e67206e616d6531203d2072732e676574537472696e672822757365725f6e616d6522293b0a2020202020202020202020206f75742e7072696e746c6e286964293b0a20202020202020202020202020253e0a2020202020202020202020203c7020666c6f61743d226c656674223e526576204e616d653a203c250a2020202020202020202020206f75742e7072696e746c6e286e616d6531293b0a20202020202020202020202020253e0a2020202020202020202020203c666f726d20616374696f6e3d226163636570745f72657622206e616d653d2266726d4c6f67696e22206d6574686f643d22706f737422206f6e7375626d69743d226163636570745f7265763b22207374796c653d22666c6f61743a206c656674223e0a202020202020202020202020202020203c696e707574206e616d653d227265765f6964222073697a653d313520747970653d2268696464656e222076616c7565203d223c256f75742e7072696e746c6e286964293b253e2220666c6f61743d226c656674222f3e0a202020202020202020202020202020203c696e707574206e616d653d2275726c222073697a653d313520747970653d2268696464656e222076616c7565203d2270656e64696e675f726571732e6a73702220666c6f61743d226c656674222f3e0a202020202020202020202020202020203c696e70757420747970653d227375626d6974222076616c75653d22416363657074222f3e0a2020202020202020202020203c2f666f726d3e0a2020202020202020202020203c666f726d20616374696f6e3d226465636c696e655f72657622206e616d653d2266726d4c6f67696e22206d6574686f643d22706f737422206f6e7375626d69743d226465636c696e655f7265763b223e0a202020202020202020202020202020203c696e707574206e616d653d227265765f6964222073697a653d313520747970653d2268696464656e222076616c7565203d223c256f75742e7072696e746c6e286964293b253e2220666c6f61743d226c656674222f3e0a202020202020202020202020202020203c696e707574206e616d653d2275726c222073697a653d313520747970653d2268696464656e222076616c7565203d2270656e64696e675f726571732e6a73702220666c6f61743d226c656674222f3e0a202020202020202020202020202020203c696e70757420747970653d227375626d6974222076616c75653d224465636c696e65222f3e0a2020202020202020202020203c2f666f726d3e0a2020202020202020202020203c68722f3e0a2020202020202020202020203c2f6469763e0a2020202020202020202020200a2020202020202020202020203c25207d0a20202020202020202020202020202020253e0a20202020202020202020203c2f6469763e0a202020202020202020203c6469762069643d22645f72657173223e0a20202020202020202020202020203c68313e4465636c696e65642052657175657374733c2f68313e0a2020202020202020202020203c250a20202020202020207072657053746d74203d20636f6e2e7072657061726553746174656d656e7428515545525933293b0a20202020202020200a20202020202020207273203d207072657053746d742e65786563757465517565727928293b0a2020202020202020202020206966282172732e6e65787428292920253e203c703e4e6f206465636c696e656420726571756573747320746f20646973706c61792e203c2f703e203c250a20202020202020202020202072732e70726576696f757328293b0a20202020202020207768696c652872732e6e657874282929207b0a202020202020202020202020253e0a2020202020202020202020203c64697620636c6173733d22726576223e0a202020202020202020202020202020203c7020666c6f61743d226c656674223e5265762049443a203c250a202020202020202020202020696e74206964203d2072732e676574496e7428227265765f494422293b0a202020202020202020202020537472696e67206e616d6531203d2072732e676574537472696e672822757365725f6e616d6522293b0a2020202020202020202020206f75742e7072696e746c6e286964293b0a20202020202020202020202020253e0a2020202020202020202020203c7020666c6f61743d226c656674223e526576204e616d653a203c250a2020202020202020202020206f75742e7072696e746c6e286e616d6531293b0a20202020202020202020202020253e0a2020202020202020202020203c666f726d20616374696f6e3d226163636570745f72657622206e616d653d2266726d4c6f67696e22206d6574686f643d22706f737422206f6e7375626d69743d226163636570745f7265763b223e0a202020202020202020202020202020203c696e707574206e616d653d227265765f6964222073697a653d313520747970653d2268696464656e222076616c7565203d223c256f75742e7072696e746c6e286964293b253e2220666c6f61743d226c656674222f3e0a20202020202020202020202020202020203c696e707574206e616d653d2275726c222073697a653d313520747970653d2268696464656e222076616c7565203d226465636c696e65645f72657175657374732e6a73702220666c6f61743d226c656674222f3e0a202020202020202020202020202020203c696e70757420747970653d227375626d6974222076616c75653d22416363657074222f3e0a2020202020202020202020203c2f666f726d3e0a2020202020202020202020203c2f6469763e0a2020202020202020202020203c68722f3e0a2020202020202020202020203c25207d0a202020202020202020202020253e0a202020202020202020203c2f6469763e0a202020202020202020203c250a202020202020202020202020202020200a202020202020202020202020202020202020207d636174636828457863657074696f6e2065297b0a202020202020202020202020202020202020202020202053797374656d2e6f75742e7072696e746c6e28224572726f723a20222b652e6765744d6573736167652829293b0a202020202020202020202020202020202020207d0a253e2020200a2020202020202020202020200a2020202020202020200a20202020202020203c2f6469763e200a202020203c2f626f64793e0a3c2f68746d6c3e0a, 'Computer Architecture'),
(19, 1, 1, 'euwrks', 0x626f64797b0a0a666f6e743a20313270782056657264616e612c2047656e6576612c2073616e732d73657269663b0a7d0a0a236865616465727b0a77696474683a38303070783b0a6d617267696e3a6175746f3b0a70616464696e673a313070783b0a6261636b67726f756e643a236363633b0a7d0a0a2377656c636f6d650a7b0a77696474683a38303070783b0a6d617267696e3a6175746f3b0a746578742d616c69676e3a63656e7465723b0a636f6c6f723a233335326132613b0a666f6e743a313670782056657264616e612c47656e6576612c73616e732d73657269663b0a6c696e652d6865696768743a323470783b0a0a7d0a0a0a0a23617474725f636f6e667b0a636f6c6f723a233764343930303b0a666f6e742d73697a653a323070783b0a7d0a0a23617474725f646174657b0a636f6c6f723a233764343930303b0a666f6e742d73697a653a313470783b0a7d0a0a23636f6e665f6e616d657b0a77696474683a38303070783b0a6d617267696e3a6175746f3b0a746578742d616c69676e3a63656e7465723b0a636f6c6f723a233335326132613b0a666f6e742d73697a653a323470783b0a7d0a0a2364617465737b0a77696474683a36303070783b0a6d617267696e3a6175746f3b0a746578742d616c69676e3a63656e7465723b0a636f6c6f723a233335326132613b0a666f6e742d73697a653a313470783b0a626f726465723a30707820736f6c696420626c61636b3b0a7d0a0a237265676c6f677b0a2020202077696474683a38303070783b0a202020206d617267696e3a6175746f3b0a7d0a2e7265676c6f6769747b0a2020202077696474683a33303070783b0a202020206865696768743a363570783b0a202020206261636b67726f756e643a236631663166313b0a20202020746578742d616c69676e3a63656e7465723b0a20202020636f6c6f723a233335326132613b0a7d0a236c6566747b0a666c6f61743a6c6566743b0a7d0a2372696768747b0a666c6f61743a72696768743b0a7d0a23636c6561727b0a636c6561723a626f74683b0a7d0a0a2e636f6e7461696e7b090a096d617267696e3a30206175746f3b0a096261636b67726f756e643a236666663b0a0977696474683a35303070783b0a0970616464696e673a3230707820343070783b0a09746578742d616c69676e3a63656e7465723b0a7d0a23746f706963735f63687a6e7b0a77696474683a33313070782021696d706f7274616e743b0a7d0a2e63687a6e2d64726f707b0a77696474683a33313070782021696d706f7274616e743b0a746578742d616c69676e3a6c6566743b0a7d0a, 'Computer Architecture'),
(20, 1, 1, 'u38y2983', 0x3c252d2d200a20202020446f63756d656e742020203a20696e6465780a2020202043726561746564206f6e203a2031204e6f762c20323031322c2031303a33313a353920504d0a20202020417574686f7220202020203a2056616d73690a2d2d253e0a0a3c25407061676520636f6e74656e74547970653d22746578742f68746d6c222070616765456e636f64696e673d225554462d3822253e0a3c2540207061676520696d706f72743d226a6176612e7574696c2e2a2220253e0a3c2540207061676520696d706f72743d22636865636b2e636865636b6e616d652220253e0a3c2540207061676520696d706f72743d226a6176612e696f2e494f457863657074696f6e2220253e0a3c21444f43545950452068746d6c3e0a3c68746d6c3e0a202020203c686561643e0a20202020202020203c6d65746120687474702d65717569763d22436f6e74656e742d547970652220636f6e74656e743d22746578742f68746d6c3b20636861727365743d5554462d38223e0a20202020202020203c7469746c653e436f6e666572656e63653c2f7469746c653e0a20202020202020203c6c696e6b2072656c3d227374796c6573686565742220687265663d222e2f6373732f636f6e666572616e63652e637373222072656c3d227374796c6573686565742220747970653d22746578742f637373222f3e0a20202020202020203c6c696e6b2072656c3d227374796c6573686565742220687265663d222e2f6373732f74656d702e637373222072656c3d227374796c6573686565742220747970653d22746578742f637373222f3e0a20202020202020203c736372697074207372633d222e2f706c7567696e732f6a71756572792f6a71756572792d6c61746573742e6a73223e3c2f7363726970743e0a20202020202020203c6c696e6b2072656c3d227374796c6573686565742220687265663d222e2f706c7567696e732f63686f73656e2f63686f73656e2e637373222072656c3d227374796c6573686565742220747970653d22746578742f637373222f3e0a20202020202020203c6c696e6b2072656c3d227374796c6573686565742220687265663d222e2f6373732f636f6e666572616e63652e637373222072656c3d227374796c6573686565742220747970653d22746578742f637373222f3e0a20202020202020203c6c696e6b20687265663d222e2f706c7567696e732f6a71756572792f6a71756572792d75692e637373222072656c3d227374796c6573686565742220747970653d22746578742f637373222f3e0a20202020202020203c736372697074207372633d222e2f706c7567696e732f6a71756572792f6a71756572792e6d696e2e6a73223e3c2f7363726970743e0a20202020202020203c736372697074207372633d222e2f706c7567696e732f6a71756572792f6a71756572792d75692e6d696e2e6a73223e3c2f7363726970743e0a20202020202020203c736372697074207372633d222e2f706c7567696e732f63686f73656e2f63686f73656e2e6a71756572792e6a732220747970653d22746578742f6a617661736372697074223e3c2f7363726970743e0a20202020202020203c736372697074207372633d222e2f6a732f636f6e666572656e63652e6a732220747970653d22746578742f6a617661736372697074223e3c2f7363726970743e0a20202020202020203c7363726970743e0a20202020202020202020202066756e6374696f6e2069736e616d6528297b0a2020202020202020202020202020202076617220756e616d65203d2024282723757365726e616d6527292e76616c28293b0a20202020202020202020202020202020696628756e616d6520213d20222229207b0a2020202020202020202020202020202020202020242e676574282763686b5f7573726e6d3f6e616d653d27202b20756e616d652c2066756e6374696f6e286461746129207b0a20202020202020202020202020202020202020202020202069662864617461203d3d2031297b0a20202020202020202020202020202020202020202020202020202020616c6572742822557365726e616d6520616c72656164792065786973747320696e2044617461626173652e2e2e22293b0a2020202020202020202020202020202020202020202020202020202024282723757365726e616d6527292e76616c282222293b0a2020202020202020202020202020202020202020202020207d0a20202020202020202020202020202020202020207d293b0a202020202020202020202020202020207d0a2020202020202020202020207d0a20202020202020202020202066756e6374696f6e2076616c69646174652829207b0a2020202020202020202020202020202076617220757365725f6e616d65203d2024282723757365726e616d6527292e76616c28293b0a202020202020202020202020202020207661722070617373776f7264203d202428272370617373776f726427292e76616c28293b0a2020202020202020202020202020202076617220726570617373776f7264203d202428272372652d70617373776f726427292e76616c28293b0a202020202020202020202020202020207661722070617373776f72645f68696e74203d202428272370617373776f72642d68696e7427292e76616c28293b0a20202020202020202020202020202020696628757365725f6e616d65203d3d202222297b0a202020202020202020202020202020202020202020202020616c6572742822456e74657220612076616c69642075736572206e616d6522293b0a20202020202020202020202020202020202020202020202072657475726e2066616c73653b0a202020202020202020202020202020207d0a2020202020202020202020202020202069662870617373776f7264203d3d202222297b0a202020202020202020202020202020202020202020202020616c6572742822456e74657220612076616c69642070617373776f726422293b0a20202020202020202020202020202020202020202020202072657475726e2066616c73653b0a202020202020202020202020202020207d0a20202020202020202020202020202020696628726570617373776f726420213d2070617373776f7264297b0a202020202020202020202020202020202020202020202020616c657274282250617373776f726473206469646e6f74206d6174636822293b0a20202020202020202020202020202020202020202020202072657475726e2066616c73653b0a202020202020202020202020202020207d0a2020202020202020202020202020202069662870617373776f72645f68696e74203d3d202222297b0a202020202020202020202020202020202020202020202020616c6572742822456e74657220612076616c69642050617373776f72642068696e7422293b0a20202020202020202020202020202020202020202020202072657475726e2066616c73653b0a202020202020202020202020202020207d0a2020202020202020202020202020202072657475726e20747275653b0a2020202020202020202020207d0a2020202020202020202020202428646f63756d656e74292e72656164792866756e6374696f6e2829207b0a2020202020202020202020202020202024282223726576696577657222292e6869646528293b0a20202020202020202020202020202020242827696e7075745b747970653d726164696f5d27292e6c69766528276368616e6765272c2066756e6374696f6e2829207b0a2020202020202020202020202020202020202020202020207661722061203d20242874686973292e76616c28293b0a20202020202020202020202020202020202020202020202069662861203d3d202272657669657765722229207b0a2020202020202020202020202020202020202020202020202020202024282223726576696577657222292e73686f7728293b0a2020202020202020202020202020202020202020202020207d20656c7365207b0a2020202020202020202020202020202020202020202020202020202024282223726576696577657222292e6869646528293b0a2020202020202020202020202020202020202020202020207d0a202020202020202020202020202020207d293b0a2020202020202020202020207d293b0a2020202020202020202020200a2020202020202020202020202428646f63756d656e74292e72656164792866756e6374696f6e2829207b0a2020202020202020202020202020202024282223726576696577657222292e6869646528293b0a2020202020202020202020202020202024282723617227292e6368616e67652866756e6374696f6e2829207b0a20202020202020202020202020202020202020207661722061203d20242874686973292e76616c28293b0a202020202020202020202020202020202020202069662861203d3d202272657669657765722229207b0a20202020202020202020202020202020202020202020202024282223726576696577657222292e73686f7728293b0a20202020202020202020202020202020202020202020200a20202020202020202020202020202020202020207d20656c7365207b0a20202020202020202020202020202020202020202020202024282223726576696577657222292e6869646528293b0a2020202020202020202020202020202020202020202020200a20202020202020202020202020202020202020207d0a202020202020202020202020202020207d293b0a2020202020202020202020207d293b0a20202020202020203c2f7363726970743e0a0a202020203c2f686561643e0a20202020202020203c626f64793e0a202020203c2520537472696e6720635f6964203d20726571756573742e676574506172616d65746572282263696422292e746f537472696e6728293b0a2020202020202020537472696e67206572726f72203d20726571756573742e676574506172616d6574657228226572726f7222292e746f537472696e6728293b0a2020202020202020537472696e67206c72203d20726571756573742e676574506172616d6574657228226c7222292e746f537472696e6728293b0a202020206966286572726f722e657175616c732822312229297b20253e0a2020202020202020202020203c68333e496e76616c6964204c6f67696e2c2054727920616761696e2e2e2e3c2f68333e0a2020202020202020202020203c250a20202020202020207d0a20202020202020696628635f6964203d3d206e756c6c207c7c20635f6964203d3d20222229207b0a2020202020202020202020253e0a20202020202020202020203c68313e536f7272792c20796f752068617665206e6f7420676976656e206120636f6e666572656e6365206e616d65203c2f68313e0a20202020202020202020203c250a20202020202020202020207d0a2020202020202020202020656c7365207b0a20202020202020202020202020204874747053657373696f6e2073203d20726571756573742e67657453657373696f6e28293b0a202020202020202020202020636865636b6e616d6520743d206e657720636865636b6e616d6528293b0a202020202020202020202020696628742e61757468656e7469636174654e616d6528635f69642e746f537472696e6728292c7329297b0a202020202020202020202020253e0a2020202020202020202020203c250a202020202020202020202020732e7365744174747269627574652822636f6e665f4944222c635f6964293b0a202020202020202020202020537472696e67206e616d65203d2028537472696e6729732e6765744174747269627574652822636e616d6522293b0a20202020202020202020202020202020537472696e67207364617465203d2028537472696e6729732e6765744174747269627574652822736461746522293b0a2020202020202020202020202020202020202020537472696e67206564617465203d2028537472696e6729732e6765744174747269627574652822656461746522293b0a202020202020202020202020253e0a2020202020202020202020203c6469762069643d2268656164657222203e0a202020202020202020202020202020203c6469762069643d2277656c636f6d65223e57656c636f6d65213c2f6469763e0a202020202020202020202020202020203c6469762069643d22636f6e665f6e616d65223e3c7370616e2069643d22617474725f636f6e66223e436f6e666572656e6365203a3c2f7370616e3e203c256f75742e7072696e746c6e286e616d65293b253e203c2f6469763e0a2020202020202020202020202020200a202020202020202020202020202020203c6469762069643d226461746573223e200a20202020202020202020202020202020202020203c6469762069643d226c656674223e3c7370616e2069643d22617474725f64617465223e53746172742044617465203a3c2f7370616e3e203c256f75742e7072696e746c6e287364617465293b253e203c2f6469763e0a20202020202020202020202020202020202020203c6469762069643d227269676874223e3c7370616e2069643d22617474725f64617465223e456e642044617465203a3c2f7370616e3e203c256f75742e7072696e746c6e286564617465293b253e203c2f6469763e0a20202020202020202020202020202020202020203c6469762069643d22636c656172223e3c2f6469763e0a202020202020202020202020202020203c2f6469763e0a2020202020202020202020203c2f6469763e0a20202020202020202020202020202020202020203c6469762069643d227265676c6f67223e0a2020202020202020202020202020202020202020202020200a2020202020202020202020202020202020202020202020203c6469762069643d226c6566742220636c6173733d227265676c6f676974223e3c703e57616e6e6120626520612070617274206f66207468697320636f6e666572656e63653f3c2f703e3c6120687265663d22636f6e666572656e63652e6a73703f6572726f72266369643d3c256f75742e7072696e746c6e28635f6964293b253e266c723d72223e52656769737465723c2f613e3c2f6469763e0a2020202020202020202020202020202020202020202020203c6469762069643d2272696768742220636c6173733d227265676c6f67697422223e3c703e416c726561647920612070617274206f66207468697320636f6e666572656e63653f3c2f703e3c6120687265663d22636f6e666572656e63652e6a73703f6572726f72266369643d3c256f75742e7072696e746c6e28635f6964293b253e266c723d6c223e4c6f67696e3c2f613e3c2f6469763e0a2020202020202020202020202020202020202020202020203c6469762069643d22636c656172223e3c2f6469763e0a20202020202020202020202020202020202020203c2f6469763e0a2020202020202020202020203c62723e0a2020202020202020202020203c25206966286c722e657175616c7328226c2229297b20253e0a20202020202020203c63656e7465723e0a2020202020202020202020203c6469762069643d226c6f67696e22203e0a202020202020202020202020202020203c666f726d20616374696f6e3d22636865636b4c6f67696e22206e616d653d2266726d4c6f67696e22206d6574686f643d22706f737422206f6e7375626d69743d22636865636b4c6f67696e223e0a20202020202020202020202020202020202020203c64697620636c6173733d22636f6e7461696e223e0a2020202020202020202020202020202020202020202020203c6669656c647365743e0a202020202020202020202020202020202020202020202020202020203c6833207374796c653d22746578742d616c69676e3a63656e746572223e4c6f67696e20746f2074686520636f6e666572656e63653c2f68333e0a202020202020202020202020202020202020202020202020202020203c6272202f3e0a202020202020202020202020202020202020202020202020202020203c7461626c653e0a20202020202020202020202020202020202020202020202020202020202020203c74723e0a2020202020202020202020202020202020202020202020202020202020202020202020203c746420636c6173733d22636f6e66223e203c696e707574206e616d653d22757365726e616d65222073697a653d313520747970653d22746578742220706c616365686f6c6465723d2255736572204e616d65222f3e203c2f74643e200a20202020202020202020202020202020202020202020202020202020202020203c2f74723e0a20202020202020202020202020202020202020202020202020202020202020203c74723e0a2020202020202020202020202020202020202020202020202020202020202020202020203c746420636c6173733d22636f6e66223e203c696e707574206e616d653d2270617373776f7264222073697a653d313520747970653d2270617373776f72642220706c616365686f6c6465723d2250617373776f7264222f3e203c2f74643e200a20202020202020202020202020202020202020202020202020202020202020203c2f74723e0a20202020202020202020202020202020202020202020202020202020202020203c74723e0a2020202020202020202020202020202020202020202020202020202020202020202020203c746420636c6173733d22636f6e66223e3c696e70757420636c6173733d227375626d69742220747970653d227375626d6974222076616c75653d224c6f67696e222f3e3c2f74643e0a20202020202020202020202020202020202020202020202020202020202020203c2f74723e0a202020202020202020202020202020202020202020202020202020203c2f7461626c653e0a202020202020202020202020202020202020202020202020202020203c6272202f3e0a2020202020202020202020202020202020202020202020203c2f6669656c647365743e0a20202020202020202020202020202020202020203c2f6469763e0a202020202020202020202020202020203c2f666f726d3e0a2020202020202020202020203c2f6469763e0a2020202020202020202020203c25207d20656c7365206966286c722e657175616c73282272222929207b20253e0a2020202020202020202020203c6469762069643d227265676973746572223e0a202020202020202020202020202020203c666f726d206d6574686f643d22706f73742220616374696f6e3d227265765f7265672220206f6e7375626d69743d226a6176617363726970743a72657475726e2076616c696461746528293b223e0a20202020202020202020202020202020202020203c64697620636c6173733d22636f6e7461696e223e0a202020202020202020202020202020202020202020202020202020203c6272202f3e0a202020202020202020202020202020202020202020202020202020203c6669656c647365743e0a20202020202020202020202020202020202020202020202020202020202020203c6833207374796c653d22746578742d616c69676e3a63656e7465723b223e526567697374657220666f7220636f6e666572656e63653c2f68333e0a2020202020202020202020202020202020202020202020202020202020202020202020203c6272202f3e0a2020202020202020202020202020202020202020202020202020202020202020202020203c7461626c653e0a202020202020202020202020202020202020202020202020202020202020202020202020202020203c74723e0a20202020202020202020202020202020202020202020202020202020202020202020202020202020202020203c746420636c6173733d22636f6e66223e0a2020202020202020202020202020202020202020202020202020202020202020202020202020202020202020202020203c73656c656374206e616d653d226172222069643d22617222207374796c653d2277696474683a33313570783b6865696768743a323970783b223e0a20202020202020202020202020202020202020202020202020202020202020202020202020202020202020202020202020200a20202020202020202020202020202020202020202020202020202020202020202020202020202020202020202020202020202020203c6f7074696f6e2076616c75653d226170706c6963616e7422203e4170706c6963616e743c2f6f7074696f6e3e0a20202020202020202020202020202020202020202020202020202020202020202020202020202020202020202020202020202020203c6f7074696f6e2076616c75653d22726576696577657222203e52657669657765723c2f6f7074696f6e3e0a2020202020202020202020202020202020202020202020202020202020202020202020202020202020202020202020200a2020202020202020202020202020202020202020202020202020202020202020202020202020202020202020202020203c2f73656c6563743e0a20202020202020202020202020202020202020202020202020202020202020202020202020202020202020203c2f74643e0a202020202020202020202020202020202020202020202020202020202020202020202020202020203c2f74723e0a202020202020202020202020202020202020202020202020202020202020202020202020202020203c74723e0a2020202020202020202020202020202020202020202020202020202020202020202020202020202020202020202020203c746420636c6173733d22636f6e66223e3c696e70757420747970653d227465787422206e616d653d22757365726e616d65222069643d22757365726e616d652220706c616365686f6c6465723d2255736572204e616d652e2e2e22206f6e6368616e67653d226a6176617363726970743a69736e616d6528293b222f3e3c2f74643e0a202020202020202020202020202020202020202020202020202020202020202020202020202020203c2f74723e0a202020202020202020202020202020202020202020202020202020202020202020202020202020203c74723e0a2020202020202020202020202020202020202020202020202020202020202020202020202020202020202020202020203c746420636c6173733d22636f6e66223e3c696e70757420747970653d2270617373776f726422206e616d653d2270617373776f7264222069643d2270617373776f72642220706c616365686f6c6465723d2250617373776f726420222f3e3c2f74643e0a202020202020202020202020202020202020202020202020202020202020202020202020202020203c2f74723e0a202020202020202020202020202020202020202020202020202020202020202020202020202020203c74723e0a2020202020202020202020202020202020202020202020202020202020202020202020202020202020202020202020203c746420636c6173733d22636f6e66223e3c696e70757420747970653d2270617373776f726422206e616d653d2272652d70617373776f7264222069643d2272652d70617373776f72642220706c616365686f6c6465723d225265747970652050617373776f72642e2e2e222f3e3c2f74643e0a202020202020202020202020202020202020202020202020202020202020202020202020202020203c2f74723e0a202020202020202020202020202020202020202020202020202020202020202020202020202020203c74723e0a2020202020202020202020202020202020202020202020202020202020202020202020202020202020202020202020203c746420636c6173733d22636f6e66223e3c696e70757420747970653d227465787422206e616d653d2270617373776f72642d68696e74222069643d2270617373776f72642d68696e742220706c616365686f6c6465723d2243686f6f736520612050617373776f72642048696e742e2e2e222f3e3c2f74643e0a202020202020202020202020202020202020202020202020202020202020202020202020202020203c2f74723e0a202020202020202020202020202020202020202020202020202020202020202020202020202020203c74723e0a2020202020202020202020202020202020202020202020202020202020202020202020202020202020202020202020203c746420636c6173733d22636f6e66222069643d227265766965776572223e0a20202020202020202020202020202020202020202020202020202020202020202020202020202020202020202020202020202020202020203c73656c65637420646174612d706c616365686f6c6465723d2243686f6f736520546f706963732e2e2e2220636c6173733d2263687a6e2d73656c65637422206d756c7469706c65207374796c653d2277696474683a33353070783b2220746162696e6465783d223422206e616d653d22746f70696373222069643d22746f70696373223e0a202020202020202020202020202020202020202020202020202020202020202020202020202020202020202020202020202020202020202020202020202020203c6f7074696f6e2076616c75653d22223e3c2f6f7074696f6e3e200a202020202020202020202020202020202020202020202020202020202020202020202020202020202020202020202020202020202020202020202020202020203c6f7074696f6e2076616c75653d2241666768616e697374616e223e41666768616e697374616e3c2f6f7074696f6e3e200a202020202020202020202020202020202020202020202020202020202020202020202020202020202020202020202020202020202020202020202020202020203c6f7074696f6e2076616c75653d22416c62616e6961223e416c62616e69613c2f6f7074696f6e3e200a202020202020202020202020202020202020202020202020202020202020202020202020202020202020202020202020202020202020202020202020202020203c6f7074696f6e2076616c75653d22416c6765726961223e416c67657269613c2f6f7074696f6e3e200a202020202020202020202020202020202020202020202020202020202020202020202020202020202020202020202020202020202020202020202020202020203c6f7074696f6e2076616c75653d22416d65726963616e2053616d6f61223e416d65726963616e2053616d6f613c2f6f7074696f6e3e200a202020202020202020202020202020202020202020202020202020202020202020202020202020202020202020202020202020202020202020202020202020203c6f7074696f6e2076616c75653d22416e646f727261223e416e646f7272613c2f6f7074696f6e3e200a202020202020202020202020202020202020202020202020202020202020202020202020202020202020202020202020202020202020202020202020202020203c6f7074696f6e2076616c75653d22416e676f6c61223e416e676f6c613c2f6f7074696f6e3e200a202020202020202020202020202020202020202020202020202020202020202020202020202020202020202020202020202020202020202020202020202020203c6f7074696f6e2076616c75653d22416e6775696c6c61223e416e6775696c6c613c2f6f7074696f6e3e200a202020202020202020202020202020202020202020202020202020202020202020202020202020202020202020202020202020202020202020202020202020203c6f7074696f6e2076616c75653d22416e7461726374696361223e416e74617263746963613c2f6f7074696f6e3e200a202020202020202020202020202020202020202020202020202020202020202020202020202020202020202020202020202020202020202020202020202020203c6f7074696f6e2076616c75653d22416e746967756120616e642042617262756461223e416e746967756120616e6420426172627564613c2f6f7074696f6e3e200a202020202020202020202020202020202020202020202020202020202020202020202020202020202020202020202020202020202020202020202020202020203c6f7074696f6e2076616c75653d22417267656e74696e61223e417267656e74696e613c2f6f7074696f6e3e0a202020202020202020202020202020202020202020202020202020202020202020202020202020202020202020202020202020202020202020202020202020203c6f7074696f6e2076616c75653d2241726d656e6961223e41726d656e69613c2f6f7074696f6e3e200a202020202020202020202020202020202020202020202020202020202020202020202020202020202020202020202020202020202020202020202020202020203c6f7074696f6e2076616c75653d224172756261223e41727562613c2f6f7074696f6e3e0a20202020202020202020202020202020202020202020202020202020202020202020202020202020202020202020202020202020202020203c2f73656c6563743e0a2020202020202020202020202020202020202020202020202020202020202020202020202020202020202020202020203c2f74643e0a202020202020202020202020202020202020202020202020202020202020202020202020202020203c2f74723e0a202020202020202020202020202020202020202020202020202020202020202020202020202020203c74723e3c2f74723e3c74723e3c2f74723e3c74723e3c2f74723e3c74723e3c2f74723e0a202020202020202020202020202020202020202020202020202020202020202020202020202020203c74723e0a2020202020202020202020202020202020202020202020202020202020202020202020202020202020202020202020203c746420636c6173733d22636f6e66223e3c696e70757420636c6173733d227375626d69742220747970653d227375626d6974222076616c75653d224a6f696e20436f6e666572656e6365223e3c2f74643e0a202020202020202020202020202020202020202020202020202020202020202020202020202020203c2f74723e0a2020202020202020202020202020202020202020202020202020202020202020202020203c2f7461626c653e0a2020202020202020202020202020202020202020202020202020202020202020202020203c6272202f3e0a202020202020202020202020202020202020202020202020202020203c2f6669656c647365743e0a20202020202020202020202020202020202020203c73637269707420747970653d22746578742f6a617661736372697074223e202428222e63687a6e2d73656c65637422292e63686f73656e28293b202428222e63687a6e2d73656c6563742d646573656c65637422292e63686f73656e287b616c6c6f775f73696e676c655f646573656c6563743a747275657d293b203c2f7363726970743e0a20202020202020202020202020202020202020203c2f6469763e0a09093c2f666f726d3e0a2020202020202020202020203c2f6469763e0a20202020202020203c2f63656e7465723e0a20202020202020200a20202020202020200a20202020202020200a2020202020202020203c250a202020202020202020202020202020207d20656c7365207b0a20202020202020202020202020202020202020202f2f52656c6f616420746f206572726f7220706167650a202020202020202020202020202020207d0a2020202020202020202020207d0a202020202020202020202020656c73657b0a202020202020202020253e0a2020202020202020203c703e536f7272792e2e2054686520636f6e666572656e63652077697468206964203c256f75742e7072696e746c6e28635f6964293b253e20646f65736e27742065786973743c2f703e0a202020202020202020202020203c25200a202020202020202020202020207d0a202020202020202020202020207d0a20202020202020202020202020253e0a202020203c2f626f64793e0a3c2f68746d6c3e0a, 'Computer Architecture');
INSERT INTO `papers` (`paper_ID`, `app_ID`, `conf_ID`, `title`, `paper`, `topic`) VALUES
(21, 1, 1, 'Temporary3', 0x2020202020202020202020202020202020202020202020202020202020202020202020202020202020202020202020202020202020202020202020202020202020202020200a2020202020202020202020202020202020202020202020202020202020202020202020202020202020202020202020202020202020202020202020202020202020202020200a2020202020202020202020202020202020202020202020202020202020202020202020202020202020202020202020202020202020202020202020202020202020202020200a2020202020202020202020202020202020202020202020202020202020202020202020202020202020202020200a3c6f7074696f6e2076616c75653d224165726f6e6175746963616c20616e64204165726f73706163652053747275637475726573223e4165726f6e6175746963616c20616e64204165726f737061636520537472756374757265733c2f6f7074696f6e3e0a3c6f7074696f6e2076616c75653d224170706c6965642050726f626162696c697479223e4170706c6965642050726f626162696c6974793c2f6f7074696f6e3e0a3c6f7074696f6e2076616c75653d22426179657369616e204d6574686f6473223e426179657369616e204d6574686f64733c2f6f7074696f6e3e0a3c6f7074696f6e2076616c75653d2242696f6d656368616e69637320616e642042696f656e67696e656572696e67223e42696f6d656368616e69637320616e642042696f656e67696e656572696e673c2f6f7074696f6e3e0a3c6f7074696f6e2076616c75653d22427269646765732c204275696c64696e677320616e6420496e647573747269616c20466163696c6974696573223e427269646765732c204275696c64696e677320616e6420496e647573747269616c20466163696c69746965733c2f6f7074696f6e3e0a3c6f7074696f6e2076616c75653d22436c696d617465204368616e6765223e436c696d617465204368616e67653c2f6f7074696f6e3e0a3c6f7074696f6e2076616c75653d22436f6d7075746174696f6e616c204d6574686f6473223e436f6d7075746174696f6e616c204d6574686f64733c2f6f7074696f6e3e0a3c6f7074696f6e2076616c75653d2244616d61676520416e616c7973697320616e64204173736573736d656e74223e44616d61676520416e616c7973697320616e64204173736573736d656e743c2f6f7074696f6e3e0a3c6f7074696f6e2076616c75653d224465746572696f726174696f6e204d6f64656c696e67223e4465746572696f726174696f6e204d6f64656c696e673c2f6f7074696f6e3e0a3c6f7074696f6e2076616c75653d2245617274687175616b6520456e67696e656572696e67223e45617274687175616b6520456e67696e656572696e673c2f6f7074696f6e3e0a3c6f7074696f6e2076616c75653d22456e7669726f6e6d656e74616c205269736b204173736573736d656e74223e456e7669726f6e6d656e74616c205269736b204173736573736d656e743c2f6f7074696f6e3e0a3c6f7074696f6e2076616c75653d224661746967756520616e64204672616374757265223e4661746967756520616e642046726163747572653c2f6f7074696f6e3e0a3c6f7074696f6e2076616c75653d22466c6f6f6420416e616c7973697320616e642050726576656e74696f6e223e466c6f6f6420416e616c7973697320616e642050726576656e74696f6e3c2f6f7074696f6e3e0a3c6f7074696f6e2076616c75653d2246757a7a7920616e6420496e74657276616c20416e616c79736973223e46757a7a7920616e6420496e74657276616c20416e616c797369733c2f6f7074696f6e3e0a3c6f7074696f6e2076616c75653d2247656f67726170686963616c20496e666f726d6174696f6e2053797374656d73204261736564205269736b20416e616c79736973223e47656f67726170686963616c20496e666f726d6174696f6e2053797374656d73204261736564205269736b20416e616c797369733c2f6f7074696f6e3e0a3c6f7074696f6e2076616c75653d2247656f746563686e6963616c20456e67696e656572696e6720616e642047656f6d656368616e696373223e47656f746563686e6963616c20456e67696e656572696e6720616e642047656f6d656368616e6963733c2f6f7074696f6e3e0a3c6f7074696f6e2076616c75653d2247656f73746174697374696373223e47656f737461746973746963733c2f6f7074696f6e3e0a3c6f7074696f6e2076616c75653d2248617a6172647320416e616c79736973223e48617a6172647320416e616c797369733c2f6f7074696f6e3e0a3c6f7074696f6e2076616c75653d2248756d616e20466163746f7273223e48756d616e20466163746f72733c2f6f7074696f6e3e0a3c6f7074696f6e2076616c75653d22496e7370656374696f6e2c205175616c69747920436f6e74726f6c20616e64204173737572616e6365223e496e7370656374696f6e2c205175616c69747920436f6e74726f6c20616e64204173737572616e63653c2f6f7074696f6e3e0a3c6f7074696f6e2076616c75653d22496e737572616e63652c205265696e737572616e63652c20616e64204d616e6167656d656e74206f66205269736b223e496e737572616e63652c205265696e737572616e63652c20616e64204d616e6167656d656e74206f66205269736b3c2f6f7074696f6e3e0a3c6f7074696f6e2076616c75653d224c696665204379636c6520506572666f726d616e636520416e616c7973697320616e6420436f7374223e4c696665204379636c6520506572666f726d616e636520416e616c7973697320616e6420436f73743c2f6f7074696f6e3e0a3c6f7074696f6e2076616c75653d224c69666520457874656e73696f6e223e4c69666520457874656e73696f6e3c2f6f7074696f6e3e0a3c6f7074696f6e2076616c75653d224c6966656c696e65205269736b204173736573736d656e74223e4c6966656c696e65205269736b204173736573736d656e743c2f6f7074696f6e3e0a3c6f7074696f6e2076616c75653d224c6f61647320616e64204c6f616420436f6d62696e6174696f6e73223e4c6f61647320616e64204c6f616420436f6d62696e6174696f6e733c2f6f7074696f6e3e0a3c6f7074696f6e2076616c75653d224c6f737320416e616c79736973223e4c6f737320416e616c797369733c2f6f7074696f6e3e0a3c6f7074696f6e2076616c75653d224d6174657269616c73223e4d6174657269616c733c2f6f7074696f6e3e0a3c6f7074696f6e2076616c75653d224d6f6e69746f72696e6720616e64204d61696e74656e616e63652053797374656d73223e4d6f6e69746f72696e6720616e64204d61696e74656e616e63652053797374656d733c2f6f7074696f6e3e0a3c6f7074696f6e2076616c75653d224d756c74696372697465726961204f7074696d697a6174696f6e223e4d756c74696372697465726961204f7074696d697a6174696f6e3c2f6f7074696f6e3e0a3c6f7074696f6e2076616c75653d224e75636c6561722053747275637475726573223e4e75636c65617220537472756374757265733c2f6f7074696f6e3e0a3c6f7074696f6e2076616c75653d224f666673686f726520616e64204d6172696e652053747275637475726573223e4f666673686f726520616e64204d6172696e6520537472756374757265733c2f6f7074696f6e3e0a3c6f7074696f6e2076616c75653d224f7074696d697a6174696f6e20756e64657220556e6365727461696e7479223e4f7074696d697a6174696f6e20756e64657220556e6365727461696e74793c2f6f7074696f6e3e0a3c6f7074696f6e2076616c75653d225061737369766520616e6420416374697665205374727563747572616c20436f6e74726f6c223e5061737369766520616e6420416374697665205374727563747572616c20436f6e74726f6c3c2f6f7074696f6e3e0a3c6f7074696f6e2076616c75653d22506572666f726d616e63652d426173656420456e67696e656572696e67223e506572666f726d616e63652d426173656420456e67696e656572696e673c2f6f7074696f6e3e0a3c6f7074696f6e2076616c75653d2250726f626162696c6973746963204d6174657269616c7320416e616c79736973223e50726f626162696c6973746963204d6174657269616c7320416e616c797369733c2f6f7074696f6e3e0a3c6f7074696f6e2076616c75653d2250726f626162696c6973746963205269736b20416e616c79736973223e50726f626162696c6973746963205269736b20416e616c797369733c2f6f7074696f6e3e0a3c6f7074696f6e2076616c75653d2250726f626162696c69747920616e64205374617469737469637320287468656f727920616e64206170706c69636174696f6e7329223e50726f626162696c69747920616e64205374617469737469637320287468656f727920616e64206170706c69636174696f6e73293c2f6f7074696f6e3e0a3c6f7074696f6e2076616c75653d2252616e646f6d20566962726174696f6e20286c696e65617220616e64206e6f6e6c696e65617229223e52616e646f6d20566962726174696f6e20286c696e65617220616e64206e6f6e6c696e656172293c2f6f7074696f6e3e0a3c6f7074696f6e2076616c75653d2252656c696162696c6974792d42617365642044657369676e20616e6420526567756c6174696f6e73223e52656c696162696c6974792d42617365642044657369676e20616e6420526567756c6174696f6e733c2f6f7074696f6e3e0a3c6f7074696f6e2076616c75653d2252656c696162696c6974792d4261736564204f7074696d697a6174696f6e20616e6420436f6e74726f6c223e52656c696162696c6974792d4261736564204f7074696d697a6174696f6e20616e6420436f6e74726f6c3c2f6f7074696f6e3e0a3c6f7074696f6e2076616c75653d2252656c696162696c697479205468656f7279223e52656c696162696c697479205468656f72793c2f6f7074696f6e3e0a3c6f7074696f6e2076616c75653d22526573696c69656e6365206f6620537472756374757265732c204e6574776f726b7320616e6420436f6d6d756e6974696573223e526573696c69656e6365206f6620537472756374757265732c204e6574776f726b7320616e6420436f6d6d756e69746965733c2f6f7074696f6e3e0a3c6f7074696f6e2076616c75653d225269736b20416e616c7973697320616e64205269736b2d496e666f726d6564204465636973696f6e204d616b696e67223e5269736b20416e616c7973697320616e64205269736b2d496e666f726d6564204465636973696f6e204d616b696e673c2f6f7074696f6e3e0a3c6f7074696f6e2076616c75653d225269736b2050657263657074696f6e20616e6420436f6d6d756e69636174696f6e223e5269736b2050657263657074696f6e20616e6420436f6d6d756e69636174696f6e3c2f6f7074696f6e3e0a3c6f7074696f6e2076616c75653d2253696d756c6174696f6e204d6574686f6473223e53696d756c6174696f6e204d6574686f64733c2f6f7074696f6e3e0a3c6f7074696f6e2076616c75653d22536f6369616c20536369656e6365202f20557262616e20506c616e6e696e67223e536f6369616c20536369656e6365202f20557262616e20506c616e6e696e673c2f6f7074696f6e3e0a3c6f7074696f6e2076616c75653d22537461746973746963616c2044657369676e20416e616c79736973223e537461746973746963616c2044657369676e20416e616c797369733c2f6f7074696f6e3e0a3c6f7074696f6e2076616c75653d2253746f6368617374696320436f6d7075746174696f6e616c204d656368616e696373223e53746f6368617374696320436f6d7075746174696f6e616c204d656368616e6963733c2f6f7074696f6e3e0a3c6f7074696f6e2076616c75653d2253746f636861737469632046696e69746520456c656d656e7473223e53746f636861737469632046696e69746520456c656d656e74733c2f6f7074696f6e3e0a3c6f7074696f6e2076616c75653d2253746f63686173746963204672616374757265204d656368616e696373223e53746f63686173746963204672616374757265204d656368616e6963733c2f6f7074696f6e3e0a3c6f7074696f6e2076616c75653d2253746f636861737469632050726f63657373657320616e64204669656c647320287468656f727920616e64206170706c69636174696f6e7329223e53746f636861737469632050726f63657373657320616e64204669656c647320287468656f727920616e64206170706c69636174696f6e73293c2f6f7074696f6e3e0a3c6f7074696f6e2076616c75653d225374727563747572616c204865616c7468204d6f6e69746f72696e67223e5374727563747572616c204865616c7468204d6f6e69746f72696e673c2f6f7074696f6e3e0a3c6f7074696f6e2076616c75653d225374727563747572616c2053797374656d73223e5374727563747572616c2053797374656d733c2f6f7074696f6e3e0a3c6f7074696f6e2076616c75653d225375737461696e6162696c69747920756e64657220476c6f62616c205761726d696e67223e5375737461696e6162696c69747920756e64657220476c6f62616c205761726d696e673c2f6f7074696f6e3e0a3c6f7074696f6e2076616c75653d2253797374656d204964656e74696669636174696f6e223e53797374656d204964656e74696669636174696f6e3c2f6f7074696f6e3e0a3c6f7074696f6e2076616c75653d2253797374656d2052656c696162696c697479223e53797374656d2052656c696162696c6974793c2f6f7074696f6e3e0a3c6f7074696f6e2076616c75653d225472616e73706f72746174696f6e2053797374656d73223e5472616e73706f72746174696f6e2053797374656d733c2f6f7074696f6e3e0a3c6f7074696f6e2076616c75653d22556e6365727461696e7479205175616e74696669636174696f6e20616e6420416e616c79736973223e556e6365727461696e7479205175616e74696669636174696f6e20616e6420416e616c797369733c2f6f7074696f6e3e0a3c6f7074696f6e2076616c75653d223c6f7074696f6e2076616c75653d2257696e6420456e67696e656572696e67223e57696e6420456e67696e656572696e673c2f6f7074696f6e3e0a, 'Computer Architecture'),
(22, 1, 1, 'dfsfs', 0x626f64797b0a0a666f6e743a20313270782056657264616e612c2047656e6576612c2073616e732d73657269663b0a7d0a0a236865616465727b0a77696474683a38303070783b0a6d617267696e3a6175746f3b0a70616464696e673a313070783b0a6261636b67726f756e643a236363633b0a7d0a0a2377656c636f6d650a7b0a77696474683a38303070783b0a6d617267696e3a6175746f3b0a746578742d616c69676e3a63656e7465723b0a636f6c6f723a233335326132613b0a666f6e743a313670782056657264616e612c47656e6576612c73616e732d73657269663b0a6c696e652d6865696768743a323470783b0a0a7d0a0a0a0a23617474725f636f6e667b0a636f6c6f723a233764343930303b0a666f6e742d73697a653a323070783b0a7d0a0a23617474725f646174657b0a636f6c6f723a233764343930303b0a666f6e742d73697a653a313470783b0a7d0a0a23636f6e665f6e616d657b0a77696474683a38303070783b0a6d617267696e3a6175746f3b0a746578742d616c69676e3a63656e7465723b0a636f6c6f723a233335326132613b0a666f6e742d73697a653a323470783b0a7d0a0a2364617465737b0a77696474683a36303070783b0a6d617267696e3a6175746f3b0a746578742d616c69676e3a63656e7465723b0a636f6c6f723a233335326132613b0a666f6e742d73697a653a313470783b0a626f726465723a30707820736f6c696420626c61636b3b0a7d0a0a237265676c6f677b0a2020202077696474683a38303070783b0a202020206d617267696e3a6175746f3b0a7d0a2e7265676c6f6769747b0a2020202077696474683a33303070783b0a202020206865696768743a363570783b0a202020206261636b67726f756e643a236631663166313b0a20202020746578742d616c69676e3a63656e7465723b0a20202020636f6c6f723a233335326132613b0a7d0a236c6566747b0a666c6f61743a6c6566743b0a7d0a2372696768747b0a666c6f61743a72696768743b0a7d0a23636c6561727b0a636c6561723a626f74683b0a7d0a0a2e636f6e7461696e7b090a096d617267696e3a30206175746f3b0a096261636b67726f756e643a236666663b0a0977696474683a35303070783b0a0970616464696e673a3230707820343070783b0a09746578742d616c69676e3a63656e7465723b0a7d0a23746f706963735f63687a6e7b0a77696474683a33313070782021696d706f7274616e743b0a7d0a2e63687a6e2d64726f707b0a77696474683a33313070782021696d706f7274616e743b0a746578742d616c69676e3a6c6566743b0a7d0a, 'Computer Architecture'),
(23, 1, 1, 'Final', 0x3c21444f43545950452068746d6c3e0a3c212d2d2073617665642066726f6d2075726c3d283030333629687474703a2f2f6c6f63616c686f73743a383038302f434f4d532f61646d696e2e6a7370202d2d3e0a3c68746d6c3e3c686561643e3c6d65746120687474702d65717569763d22436f6e74656e742d547970652220636f6e74656e743d22746578742f68746d6c3b20636861727365743d5554462d38223e0a20202020202020200a20202020202020203c7469746c653e41646d696e2d434f4d533c2f7469746c653e0a202020203c7363726970743e3c2f7363726970743e3c2f686561643e0a202020203c626f64793e0a20202020202020200a20202020202020203c68313e2057656c636f6d652061646d696e310a203c2f68313e0a20202020202020203c6469762069643d22726174696e677322207374796c653d22666c6f61743a206e6f6e653b2077696474683a2031303025223e200a2020202020202020202020203c68313e5468697320697320746865206c697374206f6620616c6c2074686520706170657273207375626d697474656420616c6f6e67207769746820746865697220726174696e67733c2f68313e20202020202020200a20202020202020200a2020202020202020202020203c64697620636c6173733d22706170657222207374796c653d22626f726465723a2031707820736f6c696420677261793b20666c6f61743a206c6566743b206d617267696e2d6c6566743a20313570783b2070616464696e673a2031357078223e0a202020202020202020202020202020203c703e50617065722049443a20370a3c2f703e0a202020202020202020202020203c703e55706c6f616465642042793a2075736572340a3c2f703e0a202020202020202020202020203c703e52657669657765642042793a20726576320a3c2f703e0a202020202020202020202020203c703e526174696e673a2031300a3c2f703e3c2f6469763e0a20202020202020200a2020202020202020202020203c64697620636c6173733d22706170657222207374796c653d22626f726465723a2031707820736f6c696420677261793b20666c6f61743a206c6566743b206d617267696e2d6c6566743a20313570783b2070616464696e673a2031357078223e0a202020202020202020202020202020203c703e50617065722049443a20360a3c2f703e0a202020202020202020202020203c703e55706c6f616465642042793a2075736572330a3c2f703e0a202020202020202020202020203c703e52657669657765642042793a20726576320a3c2f703e0a202020202020202020202020203c703e526174696e673a20390a3c2f703e3c2f6469763e0a20202020202020200a2020202020202020202020203c64697620636c6173733d22706170657222207374796c653d22626f726465723a2031707820736f6c696420677261793b20666c6f61743a206c6566743b206d617267696e2d6c6566743a20313570783b2070616464696e673a2031357078223e0a202020202020202020202020202020203c703e50617065722049443a20330a3c2f703e0a202020202020202020202020203c703e55706c6f616465642042793a2075736572320a3c2f703e0a202020202020202020202020203c703e52657669657765642042793a20726576320a3c2f703e0a202020202020202020202020203c703e526174696e673a20380a3c2f703e3c2f6469763e0a20202020202020200a2020202020202020202020203c64697620636c6173733d22706170657222207374796c653d22626f726465723a2031707820736f6c696420677261793b20666c6f61743a206c6566743b206d617267696e2d6c6566743a20313570783b2070616464696e673a2031357078223e0a202020202020202020202020202020203c703e50617065722049443a20340a3c2f703e0a202020202020202020202020203c703e55706c6f616465642042793a2075736572320a3c2f703e0a202020202020202020202020203c703e52657669657765642042793a20726576330a3c2f703e0a202020202020202020202020203c703e526174696e673a20370a3c2f703e3c2f6469763e0a20202020202020200a2020202020202020202020203c64697620636c6173733d22706170657222207374796c653d22626f726465723a2031707820736f6c696420677261793b20666c6f61743a206c6566743b206d617267696e2d6c6566743a20313570783b2070616464696e673a2031357078223e0a202020202020202020202020202020203c703e50617065722049443a20310a3c2f703e0a202020202020202020202020203c703e55706c6f616465642042793a2075736572310a3c2f703e0a202020202020202020202020203c703e52657669657765642042793a20726576330a3c2f703e0a202020202020202020202020203c703e526174696e673a20350a3c2f703e3c2f6469763e0a20202020202020200a2020202020202020202020203c64697620636c6173733d22706170657222207374796c653d22626f726465723a2031707820736f6c696420677261793b20666c6f61743a206c6566743b206d617267696e2d6c6566743a20313570783b2070616464696e673a2031357078223e0a202020202020202020202020202020203c703e50617065722049443a20350a3c2f703e0a202020202020202020202020203c703e55706c6f616465642042793a2075736572330a3c2f703e0a202020202020202020202020203c703e52657669657765642042793a20726576340a3c2f703e0a202020202020202020202020203c703e526174696e673a20350a3c2f703e3c2f6469763e0a20202020202020200a2020202020202020202020203c64697620636c6173733d22706170657222207374796c653d22626f726465723a2031707820736f6c696420677261793b20666c6f61743a206c6566743b206d617267696e2d6c6566743a20313570783b2070616464696e673a2031357078223e0a202020202020202020202020202020203c703e50617065722049443a20390a3c2f703e0a202020202020202020202020203c703e55706c6f616465642042793a2075736572360a3c2f703e0a202020202020202020202020203c703e52657669657765642042793a20726576320a3c2f703e0a202020202020202020202020203c703e526174696e673a20340a3c2f703e3c2f6469763e0a20202020202020200a2020202020202020202020203c64697620636c6173733d22706170657222207374796c653d22626f726465723a2031707820736f6c696420677261793b20666c6f61743a206c6566743b206d617267696e2d6c6566743a20313570783b2070616464696e673a2031357078223e0a202020202020202020202020202020203c703e50617065722049443a20380a3c2f703e0a202020202020202020202020203c703e55706c6f616465642042793a2075736572350a3c2f703e0a202020202020202020202020203c703e52657669657765642042793a20726576350a3c2f703e0a202020202020202020202020203c703e526174696e673a20330a3c2f703e3c2f6469763e0a20202020202020200a2020202020202020202020203c64697620636c6173733d22706170657222207374796c653d22626f726465723a2031707820736f6c696420677261793b20666c6f61743a206c6566743b206d617267696e2d6c6566743a20313570783b2070616464696e673a2031357078223e0a202020202020202020202020202020203c703e50617065722049443a20320a3c2f703e0a202020202020202020202020203c703e55706c6f616465642042793a2075736572310a3c2f703e0a202020202020202020202020203c703e52657669657765642042793a20726576310a3c2f703e0a202020202020202020202020203c703e526174696e673a20320a3c2f703e3c2f6469763e0a20202020202020200a202020200a20202020202020203c2f6469763e0a20202020202020203c6469762069643d22705f72657173223e0a2020202020202020202020203c68313e50656e64696e672052657175657374733c2f68313e0a2020202020202020202020200a2020202020202020202020203c64697620636c6173733d22726576223e0a202020202020202020202020202020203c7020666c6f61743d226c656674223e5265762049443a2036380a0a2020202020202020202020203c2f703e3c7020666c6f61743d226c656674223e526576204e616d653a20726576360a0a2020202020202020202020203c2f703e3c666f726d20616374696f6e3d22687474703a2f2f6c6f63616c686f73743a383038302f434f4d532f6163636570745f72657622206e616d653d2266726d4c6f67696e22206d6574686f643d22706f737422206f6e7375626d69743d226163636570745f7265763b22207374796c653d22666c6f61743a206c656674223e0a202020202020202020202020202020203c696e707574206e616d653d227265765f6964222073697a653d2231352220747970653d2268696464656e222076616c75653d2236380a2220666c6f61743d226c656674223e0a202020202020202020202020202020203c696e707574206e616d653d2275726c222073697a653d2231352220747970653d2268696464656e222076616c75653d2270656e64696e675f726571732e6a73702220666c6f61743d226c656674223e0a202020202020202020202020202020203c696e70757420747970653d227375626d6974222076616c75653d22416363657074223e0a2020202020202020202020203c2f666f726d3e0a2020202020202020202020203c666f726d20616374696f6e3d22687474703a2f2f6c6f63616c686f73743a383038302f434f4d532f6465636c696e655f72657622206e616d653d2266726d4c6f67696e22206d6574686f643d22706f737422206f6e7375626d69743d226465636c696e655f7265763b223e0a202020202020202020202020202020203c696e707574206e616d653d227265765f6964222073697a653d2231352220747970653d2268696464656e222076616c75653d2236380a2220666c6f61743d226c656674223e0a202020202020202020202020202020203c696e707574206e616d653d2275726c222073697a653d2231352220747970653d2268696464656e222076616c75653d2270656e64696e675f726571732e6a73702220666c6f61743d226c656674223e0a202020202020202020202020202020203c696e70757420747970653d227375626d6974222076616c75653d224465636c696e65223e0a2020202020202020202020203c2f666f726d3e0a2020202020202020202020203c68723e0a2020202020202020202020203c2f6469763e0a2020202020202020202020200a2020202020202020202020200a2020202020202020202020203c64697620636c6173733d22726576223e0a202020202020202020202020202020203c7020666c6f61743d226c656674223e5265762049443a2033330a0a2020202020202020202020203c2f703e3c7020666c6f61743d226c656674223e526576204e616d653a20726576330a0a2020202020202020202020203c2f703e3c666f726d20616374696f6e3d22687474703a2f2f6c6f63616c686f73743a383038302f434f4d532f6163636570745f72657622206e616d653d2266726d4c6f67696e22206d6574686f643d22706f737422206f6e7375626d69743d226163636570745f7265763b22207374796c653d22666c6f61743a206c656674223e0a202020202020202020202020202020203c696e707574206e616d653d227265765f6964222073697a653d2231352220747970653d2268696464656e222076616c75653d2233330a2220666c6f61743d226c656674223e0a202020202020202020202020202020203c696e707574206e616d653d2275726c222073697a653d2231352220747970653d2268696464656e222076616c75653d2270656e64696e675f726571732e6a73702220666c6f61743d226c656674223e0a202020202020202020202020202020203c696e70757420747970653d227375626d6974222076616c75653d22416363657074223e0a2020202020202020202020203c2f666f726d3e0a2020202020202020202020203c666f726d20616374696f6e3d22687474703a2f2f6c6f63616c686f73743a383038302f434f4d532f6465636c696e655f72657622206e616d653d2266726d4c6f67696e22206d6574686f643d22706f737422206f6e7375626d69743d226465636c696e655f7265763b223e0a202020202020202020202020202020203c696e707574206e616d653d227265765f6964222073697a653d2231352220747970653d2268696464656e222076616c75653d2233330a2220666c6f61743d226c656674223e0a202020202020202020202020202020203c696e707574206e616d653d2275726c222073697a653d2231352220747970653d2268696464656e222076616c75653d2270656e64696e675f726571732e6a73702220666c6f61743d226c656674223e0a202020202020202020202020202020203c696e70757420747970653d227375626d6974222076616c75653d224465636c696e65223e0a2020202020202020202020203c2f666f726d3e0a2020202020202020202020203c68723e0a2020202020202020202020203c2f6469763e0a2020202020202020202020200a2020202020202020202020200a20202020202020202020203c2f6469763e0a202020202020202020203c6469762069643d22645f72657173223e0a20202020202020202020202020203c68313e4465636c696e65642052657175657374733c2f68313e0a2020202020202020202020200a2020202020202020202020203c64697620636c6173733d22726576223e0a202020202020202020202020202020203c7020666c6f61743d226c656674223e5265762049443a2033350a0a2020202020202020202020203c2f703e3c7020666c6f61743d226c656674223e526576204e616d653a20726576350a0a2020202020202020202020203c2f703e3c666f726d20616374696f6e3d22687474703a2f2f6c6f63616c686f73743a383038302f434f4d532f6163636570745f72657622206e616d653d2266726d4c6f67696e22206d6574686f643d22706f737422206f6e7375626d69743d226163636570745f7265763b223e0a202020202020202020202020202020203c696e707574206e616d653d227265765f6964222073697a653d2231352220747970653d2268696464656e222076616c75653d2233350a2220666c6f61743d226c656674223e0a20202020202020202020202020202020203c696e707574206e616d653d2275726c222073697a653d2231352220747970653d2268696464656e222076616c75653d226465636c696e65645f72657175657374732e6a73702220666c6f61743d226c656674223e0a202020202020202020202020202020203c696e70757420747970653d227375626d6974222076616c75653d22416363657074223e0a2020202020202020202020203c2f666f726d3e0a2020202020202020202020203c2f6469763e0a2020202020202020202020203c68723e0a2020202020202020202020200a2020202020202020202020203c64697620636c6173733d22726576223e0a202020202020202020202020202020203c7020666c6f61743d226c656674223e5265762049443a2033340a0a2020202020202020202020203c2f703e3c7020666c6f61743d226c656674223e526576204e616d653a20726576340a0a2020202020202020202020203c2f703e3c666f726d20616374696f6e3d22687474703a2f2f6c6f63616c686f73743a383038302f434f4d532f6163636570745f72657622206e616d653d2266726d4c6f67696e22206d6574686f643d22706f737422206f6e7375626d69743d226163636570745f7265763b223e0a202020202020202020202020202020203c696e707574206e616d653d227265765f6964222073697a653d2231352220747970653d2268696464656e222076616c75653d2233340a2220666c6f61743d226c656674223e0a20202020202020202020202020202020203c696e707574206e616d653d2275726c222073697a653d2231352220747970653d2268696464656e222076616c75653d226465636c696e65645f72657175657374732e6a73702220666c6f61743d226c656674223e0a202020202020202020202020202020203c696e70757420747970653d227375626d6974222076616c75653d22416363657074223e0a2020202020202020202020203c2f666f726d3e0a2020202020202020202020203c2f6469763e0a2020202020202020202020203c68723e0a2020202020202020202020200a202020202020202020203c2f6469763e0a202020202020202020202020200a2020202020202020202020200a2020202020202020200a2020202020202020200a202020200a3c6469762069643d226d697870616e656c22207374796c653d227669736962696c6974793a2068696464656e3b20223e3c2f6469763e3c2f626f64793e3c2f68746d6c3e, 'Computer Architecture'),
(24, 1, 1, '84hfikv', 0x3c21444f43545950452068746d6c3e0a3c212d2d2073617665642066726f6d2075726c3d283030333629687474703a2f2f6c6f63616c686f73743a383038302f434f4d532f61646d696e2e6a7370202d2d3e0a3c68746d6c3e3c686561643e3c6d65746120687474702d65717569763d22436f6e74656e742d547970652220636f6e74656e743d22746578742f68746d6c3b20636861727365743d5554462d38223e0a20202020202020200a20202020202020203c7469746c653e41646d696e2d434f4d533c2f7469746c653e0a202020203c7363726970743e3c2f7363726970743e3c2f686561643e0a202020203c626f64793e0a20202020202020200a20202020202020203c68313e2057656c636f6d652061646d696e310a203c2f68313e0a20202020202020203c6469762069643d22726174696e677322207374796c653d22666c6f61743a206e6f6e653b2077696474683a2031303025223e200a2020202020202020202020203c68313e5468697320697320746865206c697374206f6620616c6c2074686520706170657273207375626d697474656420616c6f6e67207769746820746865697220726174696e67733c2f68313e20202020202020200a20202020202020200a2020202020202020202020203c64697620636c6173733d22706170657222207374796c653d22626f726465723a2031707820736f6c696420677261793b20666c6f61743a206c6566743b206d617267696e2d6c6566743a20313570783b2070616464696e673a2031357078223e0a202020202020202020202020202020203c703e50617065722049443a20370a3c2f703e0a202020202020202020202020203c703e55706c6f616465642042793a2075736572340a3c2f703e0a202020202020202020202020203c703e52657669657765642042793a20726576320a3c2f703e0a202020202020202020202020203c703e526174696e673a2031300a3c2f703e3c2f6469763e0a20202020202020200a2020202020202020202020203c64697620636c6173733d22706170657222207374796c653d22626f726465723a2031707820736f6c696420677261793b20666c6f61743a206c6566743b206d617267696e2d6c6566743a20313570783b2070616464696e673a2031357078223e0a202020202020202020202020202020203c703e50617065722049443a20360a3c2f703e0a202020202020202020202020203c703e55706c6f616465642042793a2075736572330a3c2f703e0a202020202020202020202020203c703e52657669657765642042793a20726576320a3c2f703e0a202020202020202020202020203c703e526174696e673a20390a3c2f703e3c2f6469763e0a20202020202020200a2020202020202020202020203c64697620636c6173733d22706170657222207374796c653d22626f726465723a2031707820736f6c696420677261793b20666c6f61743a206c6566743b206d617267696e2d6c6566743a20313570783b2070616464696e673a2031357078223e0a202020202020202020202020202020203c703e50617065722049443a20330a3c2f703e0a202020202020202020202020203c703e55706c6f616465642042793a2075736572320a3c2f703e0a202020202020202020202020203c703e52657669657765642042793a20726576320a3c2f703e0a202020202020202020202020203c703e526174696e673a20380a3c2f703e3c2f6469763e0a20202020202020200a2020202020202020202020203c64697620636c6173733d22706170657222207374796c653d22626f726465723a2031707820736f6c696420677261793b20666c6f61743a206c6566743b206d617267696e2d6c6566743a20313570783b2070616464696e673a2031357078223e0a202020202020202020202020202020203c703e50617065722049443a20340a3c2f703e0a202020202020202020202020203c703e55706c6f616465642042793a2075736572320a3c2f703e0a202020202020202020202020203c703e52657669657765642042793a20726576330a3c2f703e0a202020202020202020202020203c703e526174696e673a20370a3c2f703e3c2f6469763e0a20202020202020200a2020202020202020202020203c64697620636c6173733d22706170657222207374796c653d22626f726465723a2031707820736f6c696420677261793b20666c6f61743a206c6566743b206d617267696e2d6c6566743a20313570783b2070616464696e673a2031357078223e0a202020202020202020202020202020203c703e50617065722049443a20310a3c2f703e0a202020202020202020202020203c703e55706c6f616465642042793a2075736572310a3c2f703e0a202020202020202020202020203c703e52657669657765642042793a20726576330a3c2f703e0a202020202020202020202020203c703e526174696e673a20350a3c2f703e3c2f6469763e0a20202020202020200a2020202020202020202020203c64697620636c6173733d22706170657222207374796c653d22626f726465723a2031707820736f6c696420677261793b20666c6f61743a206c6566743b206d617267696e2d6c6566743a20313570783b2070616464696e673a2031357078223e0a202020202020202020202020202020203c703e50617065722049443a20350a3c2f703e0a202020202020202020202020203c703e55706c6f616465642042793a2075736572330a3c2f703e0a202020202020202020202020203c703e52657669657765642042793a20726576340a3c2f703e0a202020202020202020202020203c703e526174696e673a20350a3c2f703e3c2f6469763e0a20202020202020200a2020202020202020202020203c64697620636c6173733d22706170657222207374796c653d22626f726465723a2031707820736f6c696420677261793b20666c6f61743a206c6566743b206d617267696e2d6c6566743a20313570783b2070616464696e673a2031357078223e0a202020202020202020202020202020203c703e50617065722049443a20390a3c2f703e0a202020202020202020202020203c703e55706c6f616465642042793a2075736572360a3c2f703e0a202020202020202020202020203c703e52657669657765642042793a20726576320a3c2f703e0a202020202020202020202020203c703e526174696e673a20340a3c2f703e3c2f6469763e0a20202020202020200a2020202020202020202020203c64697620636c6173733d22706170657222207374796c653d22626f726465723a2031707820736f6c696420677261793b20666c6f61743a206c6566743b206d617267696e2d6c6566743a20313570783b2070616464696e673a2031357078223e0a202020202020202020202020202020203c703e50617065722049443a20380a3c2f703e0a202020202020202020202020203c703e55706c6f616465642042793a2075736572350a3c2f703e0a202020202020202020202020203c703e52657669657765642042793a20726576350a3c2f703e0a202020202020202020202020203c703e526174696e673a20330a3c2f703e3c2f6469763e0a20202020202020200a2020202020202020202020203c64697620636c6173733d22706170657222207374796c653d22626f726465723a2031707820736f6c696420677261793b20666c6f61743a206c6566743b206d617267696e2d6c6566743a20313570783b2070616464696e673a2031357078223e0a202020202020202020202020202020203c703e50617065722049443a20320a3c2f703e0a202020202020202020202020203c703e55706c6f616465642042793a2075736572310a3c2f703e0a202020202020202020202020203c703e52657669657765642042793a20726576310a3c2f703e0a202020202020202020202020203c703e526174696e673a20320a3c2f703e3c2f6469763e0a20202020202020200a202020200a20202020202020203c2f6469763e0a20202020202020203c6469762069643d22705f72657173223e0a2020202020202020202020203c68313e50656e64696e672052657175657374733c2f68313e0a2020202020202020202020200a2020202020202020202020203c64697620636c6173733d22726576223e0a202020202020202020202020202020203c7020666c6f61743d226c656674223e5265762049443a2036380a0a2020202020202020202020203c2f703e3c7020666c6f61743d226c656674223e526576204e616d653a20726576360a0a2020202020202020202020203c2f703e3c666f726d20616374696f6e3d22687474703a2f2f6c6f63616c686f73743a383038302f434f4d532f6163636570745f72657622206e616d653d2266726d4c6f67696e22206d6574686f643d22706f737422206f6e7375626d69743d226163636570745f7265763b22207374796c653d22666c6f61743a206c656674223e0a202020202020202020202020202020203c696e707574206e616d653d227265765f6964222073697a653d2231352220747970653d2268696464656e222076616c75653d2236380a2220666c6f61743d226c656674223e0a202020202020202020202020202020203c696e707574206e616d653d2275726c222073697a653d2231352220747970653d2268696464656e222076616c75653d2270656e64696e675f726571732e6a73702220666c6f61743d226c656674223e0a202020202020202020202020202020203c696e70757420747970653d227375626d6974222076616c75653d22416363657074223e0a2020202020202020202020203c2f666f726d3e0a2020202020202020202020203c666f726d20616374696f6e3d22687474703a2f2f6c6f63616c686f73743a383038302f434f4d532f6465636c696e655f72657622206e616d653d2266726d4c6f67696e22206d6574686f643d22706f737422206f6e7375626d69743d226465636c696e655f7265763b223e0a202020202020202020202020202020203c696e707574206e616d653d227265765f6964222073697a653d2231352220747970653d2268696464656e222076616c75653d2236380a2220666c6f61743d226c656674223e0a202020202020202020202020202020203c696e707574206e616d653d2275726c222073697a653d2231352220747970653d2268696464656e222076616c75653d2270656e64696e675f726571732e6a73702220666c6f61743d226c656674223e0a202020202020202020202020202020203c696e70757420747970653d227375626d6974222076616c75653d224465636c696e65223e0a2020202020202020202020203c2f666f726d3e0a2020202020202020202020203c68723e0a2020202020202020202020203c2f6469763e0a2020202020202020202020200a2020202020202020202020200a2020202020202020202020203c64697620636c6173733d22726576223e0a202020202020202020202020202020203c7020666c6f61743d226c656674223e5265762049443a2033330a0a2020202020202020202020203c2f703e3c7020666c6f61743d226c656674223e526576204e616d653a20726576330a0a2020202020202020202020203c2f703e3c666f726d20616374696f6e3d22687474703a2f2f6c6f63616c686f73743a383038302f434f4d532f6163636570745f72657622206e616d653d2266726d4c6f67696e22206d6574686f643d22706f737422206f6e7375626d69743d226163636570745f7265763b22207374796c653d22666c6f61743a206c656674223e0a202020202020202020202020202020203c696e707574206e616d653d227265765f6964222073697a653d2231352220747970653d2268696464656e222076616c75653d2233330a2220666c6f61743d226c656674223e0a202020202020202020202020202020203c696e707574206e616d653d2275726c222073697a653d2231352220747970653d2268696464656e222076616c75653d2270656e64696e675f726571732e6a73702220666c6f61743d226c656674223e0a202020202020202020202020202020203c696e70757420747970653d227375626d6974222076616c75653d22416363657074223e0a2020202020202020202020203c2f666f726d3e0a2020202020202020202020203c666f726d20616374696f6e3d22687474703a2f2f6c6f63616c686f73743a383038302f434f4d532f6465636c696e655f72657622206e616d653d2266726d4c6f67696e22206d6574686f643d22706f737422206f6e7375626d69743d226465636c696e655f7265763b223e0a202020202020202020202020202020203c696e707574206e616d653d227265765f6964222073697a653d2231352220747970653d2268696464656e222076616c75653d2233330a2220666c6f61743d226c656674223e0a202020202020202020202020202020203c696e707574206e616d653d2275726c222073697a653d2231352220747970653d2268696464656e222076616c75653d2270656e64696e675f726571732e6a73702220666c6f61743d226c656674223e0a202020202020202020202020202020203c696e70757420747970653d227375626d6974222076616c75653d224465636c696e65223e0a2020202020202020202020203c2f666f726d3e0a2020202020202020202020203c68723e0a2020202020202020202020203c2f6469763e0a2020202020202020202020200a2020202020202020202020200a20202020202020202020203c2f6469763e0a202020202020202020203c6469762069643d22645f72657173223e0a20202020202020202020202020203c68313e4465636c696e65642052657175657374733c2f68313e0a2020202020202020202020200a2020202020202020202020203c64697620636c6173733d22726576223e0a202020202020202020202020202020203c7020666c6f61743d226c656674223e5265762049443a2033350a0a2020202020202020202020203c2f703e3c7020666c6f61743d226c656674223e526576204e616d653a20726576350a0a2020202020202020202020203c2f703e3c666f726d20616374696f6e3d22687474703a2f2f6c6f63616c686f73743a383038302f434f4d532f6163636570745f72657622206e616d653d2266726d4c6f67696e22206d6574686f643d22706f737422206f6e7375626d69743d226163636570745f7265763b223e0a202020202020202020202020202020203c696e707574206e616d653d227265765f6964222073697a653d2231352220747970653d2268696464656e222076616c75653d2233350a2220666c6f61743d226c656674223e0a20202020202020202020202020202020203c696e707574206e616d653d2275726c222073697a653d2231352220747970653d2268696464656e222076616c75653d226465636c696e65645f72657175657374732e6a73702220666c6f61743d226c656674223e0a202020202020202020202020202020203c696e70757420747970653d227375626d6974222076616c75653d22416363657074223e0a2020202020202020202020203c2f666f726d3e0a2020202020202020202020203c2f6469763e0a2020202020202020202020203c68723e0a2020202020202020202020200a2020202020202020202020203c64697620636c6173733d22726576223e0a202020202020202020202020202020203c7020666c6f61743d226c656674223e5265762049443a2033340a0a2020202020202020202020203c2f703e3c7020666c6f61743d226c656674223e526576204e616d653a20726576340a0a2020202020202020202020203c2f703e3c666f726d20616374696f6e3d22687474703a2f2f6c6f63616c686f73743a383038302f434f4d532f6163636570745f72657622206e616d653d2266726d4c6f67696e22206d6574686f643d22706f737422206f6e7375626d69743d226163636570745f7265763b223e0a202020202020202020202020202020203c696e707574206e616d653d227265765f6964222073697a653d2231352220747970653d2268696464656e222076616c75653d2233340a2220666c6f61743d226c656674223e0a20202020202020202020202020202020203c696e707574206e616d653d2275726c222073697a653d2231352220747970653d2268696464656e222076616c75653d226465636c696e65645f72657175657374732e6a73702220666c6f61743d226c656674223e0a202020202020202020202020202020203c696e70757420747970653d227375626d6974222076616c75653d22416363657074223e0a2020202020202020202020203c2f666f726d3e0a2020202020202020202020203c2f6469763e0a2020202020202020202020203c68723e0a2020202020202020202020200a202020202020202020203c2f6469763e0a202020202020202020202020200a2020202020202020202020200a2020202020202020200a2020202020202020200a202020200a3c6469762069643d226d697870616e656c22207374796c653d227669736962696c6974793a2068696464656e3b20223e3c2f6469763e3c2f626f64793e3c2f68746d6c3e, 'Computer Architecture'),
(25, 69, 1, 'my first paper', 0x3c252d2d200a20202020446f63756d656e742020203a2061646d696e0a2020202043726561746564206f6e203a2034204e6f762c20323031322c20323a33353a323220414d0a20202020417574686f7220202020203a2056616d73690a2d2d253e0a0a3c25407061676520696d706f72743d22636f6e6e6563742e64625f636f6e6e65637422253e0a3c25407061676520696d706f72743d226a6176612e73716c2e526573756c7453657422253e0a3c25407061676520696d706f72743d226a6176612e73716c2e507265706172656453746174656d656e7422253e0a3c25407061676520696d706f72743d226a6176612e73716c2e436f6e6e656374696f6e22253e0a3c25407061676520636f6e74656e74547970653d22746578742f68746d6c222070616765456e636f64696e673d225554462d3822253e0a3c21444f43545950452068746d6c3e0a3c68746d6c3e0a202020203c686561643e0a20202020202020203c6d65746120687474702d65717569763d22436f6e74656e742d547970652220636f6e74656e743d22746578742f68746d6c3b20636861727365743d5554462d38223e0a20202020202020203c7469746c653e41646d696e2d434f4d533c2f7469746c653e0a202020203c2f686561643e0a202020203c626f64793e0a20202020202020203c250a20202020202020202020204874747053657373696f6e2073203d20726571756573742e67657453657373696f6e28293b0a2020202020202020202020732e7365744174747269627574652822757365725f6e616d65222c202261646d696e3122293b0a2020202020202020202020732e7365744174747269627574652822636f6e665f6964222c2031293b0a2020202020202020202020537472696e67206e616d65203d2028537472696e6729732e6765744174747269627574652822757365725f6e616d6522293b0a2020202020202020202020696e7420635f6964203d2028496e746567657229732e6765744174747269627574652822636f6e665f696422293b0a2020202020202020253e0a20202020202020203c68313e2057656c636f6d65203c256f75742e7072696e746c6e286e616d65293b20253e203c2f68313e0a20202020202020203c6469762069643d22726174696e677322207374796c653d22666c6f61743a206e6f6e653b2077696474683a2031303025223e200a2020202020202020202020203c68313e5468697320697320746865206c697374206f6620616c6c2074686520706170657273207375626d697474656420616c6f6e67207769746820746865697220726174696e67733c2f68313e20202020202020200a20202020202020203c250a202020202020202020537472696e672044424e414d45203d2022636f6d73223b0a202020202020202020537472696e672044425f555345524e414d45203d2022726f6f74223b0a202020202020202020537472696e672044425f50415353574f5244203d2022223b0a202020202020202020537472696e6720515545525931203d202273656c65637420726576696577732e70617065725f49442c7265762e757365725f6e616d652c6170702e757365725f6e616d652c726174696e672066726f6d207061706572732c7573657273206173207265762c207573657273206173206170702c2072657669657773207768657265207061706572732e70617065725f4944203d20726576696577732e70617065725f494420616e64207265765f4944203d207265762e757365725f494420616e64206170705f4944203d206170702e757365725f494420616e6420726576696577732e636f6e665f49443d222b635f6964202b2022206f7264657220627920726174696e67206465736322203b0a202020202020202020537472696e6720515545525932203d202273656c656374207265765f49442c7374617475732c757365725f6e616d652066726f6d207265765f7374617475732c7573657273207768657265207265765f7374617475732e7265765f4944203d2075736572732e757365725f494420616e64207265765f7374617475732e7374617475733d27496e6163746976652720616e642075736572732e636f6e665f49443d222b635f6964202b2022206f72646572206279207265765f4944206465736322203b0a202020202020202020537472696e6720515545525933203d202273656c656374207265765f49442c7374617475732c757365725f6e616d652066726f6d207265765f7374617475732c7573657273207768657265207265765f7374617475732e7265765f4944203d2075736572732e757365725f494420616e64207265765f7374617475732e7374617475733d274465636c696e65642720616e642075736572732e636f6e665f49443d222b635f69642b22206f72646572206279207265765f49442064657363223b0a202020202020202020436f6e6e656374696f6e20636f6e3b0a202020202020202020636f6e203d206e756c6c3b0a2020202020202020747279207b0a202020202020202064625f636f6e6e6563742078203d206e65772064625f636f6e6e65637428293b0a2020202020202020636f6e203d20782e636f6e6e65637428293b0a202020202020200a2020202020202020507265706172656453746174656d656e74207072657053746d74203d20636f6e2e7072657061726553746174656d656e7428515545525931293b0a2020202020202020526573756c74536574207273203d207072657053746d742e65786563757465517565727928293b0a20202020202020206966282172732e6e65787428292920253e203c703e4e6f2070617065727320746f2073686f772e203c2f703e203c250a202020202020202072732e70726576696f757328293b0a20202020202020207768696c652872732e6e657874282929207b0a2020202020202020696e74206964203d2072732e676574496e742822726576696577732e70617065725f494422293b0a2020202020202020537472696e6720726576203d2072732e676574537472696e6728227265762e757365725f6e616d6522293b0a2020202020202020537472696e6720617070203d2072732e676574537472696e6728226170702e757365725f6e616d6522293b20202020202020200a2020202020202020696e7420726174696e67203d2072732e676574496e742822726174696e6722293b0a2020202020202020253e0a2020202020202020202020203c64697620636c6173733d22706170657222207374796c653d22626f726465723a2031707820736f6c696420677261793b20666c6f61743a206c6566743b206d617267696e2d6c6566743a20313570783b2070616464696e673a2031357078223e0a202020202020202020202020202020203c703e50617065722049443a203c250a202020202020202020202020202020206f75742e7072696e746c6e286964293b0a20202020202020202020202020253e3c2f703e0a202020202020202020202020203c703e55706c6f616465642042793a203c250a202020202020202020202020202020206f75742e7072696e746c6e28617070293b0a20202020202020202020202020202020202020202020202020202020253e3c2f703e0a202020202020202020202020203c703e52657669657765642042793a203c250a202020202020202020202020202020206f75742e7072696e746c6e28726576293b0a20202020202020202020202020202020202020202020202020202020253e3c2f703e0a202020202020202020202020203c703e526174696e673a203c250a202020202020202020202020202020206f75742e7072696e746c6e28726174696e67293b0a20202020202020202020202020253e3c2f703e3c2f6469763e0a20202020202020203c25207d0a2020202020202020253e0a202020200a20202020202020203c2f6469763e0a20202020202020203c6469762069643d22705f72657173223e0a2020202020202020202020203c68313e50656e64696e672052657175657374733c2f68313e0a2020202020202020202020203c250a202020202020207072657053746d74203d20636f6e2e7072657061726553746174656d656e7428515545525932293b0a202020202020207273203d207072657053746d742e65786563757465517565727928293b0a20202020202020206966282172732e6e65787428292920253e203c703e4e6f2070656e64696e6720726571756573747320746f20646973706c61792e203c2f703e203c250a202020202020202072732e70726576696f757328293b0a20202020202020207768696c652872732e6e657874282929207b0a202020202020202020202020253e0a2020202020202020202020203c64697620636c6173733d22726576223e0a202020202020202020202020202020203c7020666c6f61743d226c656674223e5265762049443a203c250a202020202020202020202020696e74206964203d2072732e676574496e7428227265765f494422293b0a202020202020202020202020537472696e67206e616d6531203d2072732e676574537472696e672822757365725f6e616d6522293b0a2020202020202020202020206f75742e7072696e746c6e286964293b0a20202020202020202020202020253e0a2020202020202020202020203c7020666c6f61743d226c656674223e526576204e616d653a203c250a2020202020202020202020206f75742e7072696e746c6e286e616d6531293b0a20202020202020202020202020253e0a2020202020202020202020203c666f726d20616374696f6e3d226163636570745f72657622206e616d653d2266726d4c6f67696e22206d6574686f643d22706f737422206f6e7375626d69743d226163636570745f7265763b22207374796c653d22666c6f61743a206c656674223e0a202020202020202020202020202020203c696e707574206e616d653d227265765f6964222073697a653d313520747970653d2268696464656e222076616c7565203d223c256f75742e7072696e746c6e286964293b253e2220666c6f61743d226c656674222f3e0a202020202020202020202020202020203c696e707574206e616d653d2275726c222073697a653d313520747970653d2268696464656e222076616c7565203d2270656e64696e675f726571732e6a73702220666c6f61743d226c656674222f3e0a202020202020202020202020202020203c696e70757420747970653d227375626d6974222076616c75653d22416363657074222f3e0a2020202020202020202020203c2f666f726d3e0a2020202020202020202020203c666f726d20616374696f6e3d226465636c696e655f72657622206e616d653d2266726d4c6f67696e22206d6574686f643d22706f737422206f6e7375626d69743d226465636c696e655f7265763b223e0a202020202020202020202020202020203c696e707574206e616d653d227265765f6964222073697a653d313520747970653d2268696464656e222076616c7565203d223c256f75742e7072696e746c6e286964293b253e2220666c6f61743d226c656674222f3e0a202020202020202020202020202020203c696e707574206e616d653d2275726c222073697a653d313520747970653d2268696464656e222076616c7565203d2270656e64696e675f726571732e6a73702220666c6f61743d226c656674222f3e0a202020202020202020202020202020203c696e70757420747970653d227375626d6974222076616c75653d224465636c696e65222f3e0a2020202020202020202020203c2f666f726d3e0a2020202020202020202020203c68722f3e0a2020202020202020202020203c2f6469763e0a2020202020202020202020200a2020202020202020202020203c25207d0a20202020202020202020202020202020253e0a20202020202020202020203c2f6469763e0a202020202020202020203c6469762069643d22645f72657173223e0a20202020202020202020202020203c68313e4465636c696e65642052657175657374733c2f68313e0a2020202020202020202020203c250a20202020202020207072657053746d74203d20636f6e2e7072657061726553746174656d656e7428515545525933293b0a20202020202020200a20202020202020207273203d207072657053746d742e65786563757465517565727928293b0a2020202020202020202020206966282172732e6e65787428292920253e203c703e4e6f206465636c696e656420726571756573747320746f20646973706c61792e203c2f703e203c250a20202020202020202020202072732e70726576696f757328293b0a20202020202020207768696c652872732e6e657874282929207b0a202020202020202020202020253e0a2020202020202020202020203c64697620636c6173733d22726576223e0a202020202020202020202020202020203c7020666c6f61743d226c656674223e5265762049443a203c250a202020202020202020202020696e74206964203d2072732e676574496e7428227265765f494422293b0a202020202020202020202020537472696e67206e616d6531203d2072732e676574537472696e672822757365725f6e616d6522293b0a2020202020202020202020206f75742e7072696e746c6e286964293b0a20202020202020202020202020253e0a2020202020202020202020203c7020666c6f61743d226c656674223e526576204e616d653a203c250a2020202020202020202020206f75742e7072696e746c6e286e616d6531293b0a20202020202020202020202020253e0a2020202020202020202020203c666f726d20616374696f6e3d226163636570745f72657622206e616d653d2266726d4c6f67696e22206d6574686f643d22706f737422206f6e7375626d69743d226163636570745f7265763b223e0a202020202020202020202020202020203c696e707574206e616d653d227265765f6964222073697a653d313520747970653d2268696464656e222076616c7565203d223c256f75742e7072696e746c6e286964293b253e2220666c6f61743d226c656674222f3e0a20202020202020202020202020202020203c696e707574206e616d653d2275726c222073697a653d313520747970653d2268696464656e222076616c7565203d226465636c696e65645f72657175657374732e6a73702220666c6f61743d226c656674222f3e0a202020202020202020202020202020203c696e70757420747970653d227375626d6974222076616c75653d22416363657074222f3e0a2020202020202020202020203c2f666f726d3e0a2020202020202020202020203c2f6469763e0a2020202020202020202020203c68722f3e0a2020202020202020202020203c25207d0a202020202020202020202020253e0a202020202020202020203c2f6469763e0a202020202020202020203c250a202020202020202020202020202020200a202020202020202020202020202020202020207d636174636828457863657074696f6e2065297b0a202020202020202020202020202020202020202020202053797374656d2e6f75742e7072696e746c6e28224572726f723a20222b652e6765744d6573736167652829293b0a202020202020202020202020202020202020207d0a253e2020200a2020202020202020202020200a2020202020202020200a20202020202020203c2f6469763e200a202020203c2f626f64793e0a3c2f68746d6c3e0a, 'Aeronautical Structures');
INSERT INTO `papers` (`paper_ID`, `app_ID`, `conf_ID`, `title`, `paper`, `topic`) VALUES
(26, 69, 1, 'ksfhekd', 0x3c252d2d200a20202020446f63756d656e742020203a2061646d696e0a2020202043726561746564206f6e203a2034204e6f762c20323031322c20323a33353a323220414d0a20202020417574686f7220202020203a2056616d73690a2d2d253e0a0a3c25407061676520696d706f72743d22636f6e6e6563742e64625f636f6e6e65637422253e0a3c25407061676520696d706f72743d226a6176612e73716c2e526573756c7453657422253e0a3c25407061676520696d706f72743d226a6176612e73716c2e507265706172656453746174656d656e7422253e0a3c25407061676520696d706f72743d226a6176612e73716c2e436f6e6e656374696f6e22253e0a3c25407061676520636f6e74656e74547970653d22746578742f68746d6c222070616765456e636f64696e673d225554462d3822253e0a3c21444f43545950452068746d6c3e0a3c68746d6c3e0a202020203c686561643e0a20202020202020203c6d65746120687474702d65717569763d22436f6e74656e742d547970652220636f6e74656e743d22746578742f68746d6c3b20636861727365743d5554462d38223e0a20202020202020203c7469746c653e41646d696e2d434f4d533c2f7469746c653e0a202020203c2f686561643e0a202020203c626f64793e0a20202020202020203c250a20202020202020202020204874747053657373696f6e2073203d20726571756573742e67657453657373696f6e28293b0a2020202020202020202020732e7365744174747269627574652822757365725f6e616d65222c202261646d696e3122293b0a2020202020202020202020732e7365744174747269627574652822636f6e665f6964222c2031293b0a2020202020202020202020537472696e67206e616d65203d2028537472696e6729732e6765744174747269627574652822757365725f6e616d6522293b0a2020202020202020202020696e7420635f6964203d2028496e746567657229732e6765744174747269627574652822636f6e665f696422293b0a2020202020202020253e0a20202020202020203c68313e2057656c636f6d65203c256f75742e7072696e746c6e286e616d65293b20253e203c2f68313e0a20202020202020203c6469762069643d22726174696e677322207374796c653d22666c6f61743a206e6f6e653b2077696474683a2031303025223e200a2020202020202020202020203c68313e5468697320697320746865206c697374206f6620616c6c2074686520706170657273207375626d697474656420616c6f6e67207769746820746865697220726174696e67733c2f68313e20202020202020200a20202020202020203c250a202020202020202020537472696e672044424e414d45203d2022636f6d73223b0a202020202020202020537472696e672044425f555345524e414d45203d2022726f6f74223b0a202020202020202020537472696e672044425f50415353574f5244203d2022223b0a202020202020202020537472696e6720515545525931203d202273656c65637420726576696577732e70617065725f49442c7265762e757365725f6e616d652c6170702e757365725f6e616d652c726174696e672066726f6d207061706572732c7573657273206173207265762c207573657273206173206170702c2072657669657773207768657265207061706572732e70617065725f4944203d20726576696577732e70617065725f494420616e64207265765f4944203d207265762e757365725f494420616e64206170705f4944203d206170702e757365725f494420616e6420726576696577732e636f6e665f49443d222b635f6964202b2022206f7264657220627920726174696e67206465736322203b0a202020202020202020537472696e6720515545525932203d202273656c656374207265765f49442c7374617475732c757365725f6e616d652066726f6d207265765f7374617475732c7573657273207768657265207265765f7374617475732e7265765f4944203d2075736572732e757365725f494420616e64207265765f7374617475732e7374617475733d27496e6163746976652720616e642075736572732e636f6e665f49443d222b635f6964202b2022206f72646572206279207265765f4944206465736322203b0a202020202020202020537472696e6720515545525933203d202273656c656374207265765f49442c7374617475732c757365725f6e616d652066726f6d207265765f7374617475732c7573657273207768657265207265765f7374617475732e7265765f4944203d2075736572732e757365725f494420616e64207265765f7374617475732e7374617475733d274465636c696e65642720616e642075736572732e636f6e665f49443d222b635f69642b22206f72646572206279207265765f49442064657363223b0a202020202020202020436f6e6e656374696f6e20636f6e3b0a202020202020202020636f6e203d206e756c6c3b0a2020202020202020747279207b0a202020202020202064625f636f6e6e6563742078203d206e65772064625f636f6e6e65637428293b0a2020202020202020636f6e203d20782e636f6e6e65637428293b0a202020202020200a2020202020202020507265706172656453746174656d656e74207072657053746d74203d20636f6e2e7072657061726553746174656d656e7428515545525931293b0a2020202020202020526573756c74536574207273203d207072657053746d742e65786563757465517565727928293b0a20202020202020206966282172732e6e65787428292920253e203c703e4e6f2070617065727320746f2073686f772e203c2f703e203c250a202020202020202072732e70726576696f757328293b0a20202020202020207768696c652872732e6e657874282929207b0a2020202020202020696e74206964203d2072732e676574496e742822726576696577732e70617065725f494422293b0a2020202020202020537472696e6720726576203d2072732e676574537472696e6728227265762e757365725f6e616d6522293b0a2020202020202020537472696e6720617070203d2072732e676574537472696e6728226170702e757365725f6e616d6522293b20202020202020200a2020202020202020696e7420726174696e67203d2072732e676574496e742822726174696e6722293b0a2020202020202020253e0a2020202020202020202020203c64697620636c6173733d22706170657222207374796c653d22626f726465723a2031707820736f6c696420677261793b20666c6f61743a206c6566743b206d617267696e2d6c6566743a20313570783b2070616464696e673a2031357078223e0a202020202020202020202020202020203c703e50617065722049443a203c250a202020202020202020202020202020206f75742e7072696e746c6e286964293b0a20202020202020202020202020253e3c2f703e0a202020202020202020202020203c703e55706c6f616465642042793a203c250a202020202020202020202020202020206f75742e7072696e746c6e28617070293b0a20202020202020202020202020202020202020202020202020202020253e3c2f703e0a202020202020202020202020203c703e52657669657765642042793a203c250a202020202020202020202020202020206f75742e7072696e746c6e28726576293b0a20202020202020202020202020202020202020202020202020202020253e3c2f703e0a202020202020202020202020203c703e526174696e673a203c250a202020202020202020202020202020206f75742e7072696e746c6e28726174696e67293b0a20202020202020202020202020253e3c2f703e3c2f6469763e0a20202020202020203c25207d0a2020202020202020253e0a202020200a20202020202020203c2f6469763e0a20202020202020203c6469762069643d22705f72657173223e0a2020202020202020202020203c68313e50656e64696e672052657175657374733c2f68313e0a2020202020202020202020203c250a202020202020207072657053746d74203d20636f6e2e7072657061726553746174656d656e7428515545525932293b0a202020202020207273203d207072657053746d742e65786563757465517565727928293b0a20202020202020206966282172732e6e65787428292920253e203c703e4e6f2070656e64696e6720726571756573747320746f20646973706c61792e203c2f703e203c250a202020202020202072732e70726576696f757328293b0a20202020202020207768696c652872732e6e657874282929207b0a202020202020202020202020253e0a2020202020202020202020203c64697620636c6173733d22726576223e0a202020202020202020202020202020203c7020666c6f61743d226c656674223e5265762049443a203c250a202020202020202020202020696e74206964203d2072732e676574496e7428227265765f494422293b0a202020202020202020202020537472696e67206e616d6531203d2072732e676574537472696e672822757365725f6e616d6522293b0a2020202020202020202020206f75742e7072696e746c6e286964293b0a20202020202020202020202020253e0a2020202020202020202020203c7020666c6f61743d226c656674223e526576204e616d653a203c250a2020202020202020202020206f75742e7072696e746c6e286e616d6531293b0a20202020202020202020202020253e0a2020202020202020202020203c666f726d20616374696f6e3d226163636570745f72657622206e616d653d2266726d4c6f67696e22206d6574686f643d22706f737422206f6e7375626d69743d226163636570745f7265763b22207374796c653d22666c6f61743a206c656674223e0a202020202020202020202020202020203c696e707574206e616d653d227265765f6964222073697a653d313520747970653d2268696464656e222076616c7565203d223c256f75742e7072696e746c6e286964293b253e2220666c6f61743d226c656674222f3e0a202020202020202020202020202020203c696e707574206e616d653d2275726c222073697a653d313520747970653d2268696464656e222076616c7565203d2270656e64696e675f726571732e6a73702220666c6f61743d226c656674222f3e0a202020202020202020202020202020203c696e70757420747970653d227375626d6974222076616c75653d22416363657074222f3e0a2020202020202020202020203c2f666f726d3e0a2020202020202020202020203c666f726d20616374696f6e3d226465636c696e655f72657622206e616d653d2266726d4c6f67696e22206d6574686f643d22706f737422206f6e7375626d69743d226465636c696e655f7265763b223e0a202020202020202020202020202020203c696e707574206e616d653d227265765f6964222073697a653d313520747970653d2268696464656e222076616c7565203d223c256f75742e7072696e746c6e286964293b253e2220666c6f61743d226c656674222f3e0a202020202020202020202020202020203c696e707574206e616d653d2275726c222073697a653d313520747970653d2268696464656e222076616c7565203d2270656e64696e675f726571732e6a73702220666c6f61743d226c656674222f3e0a202020202020202020202020202020203c696e70757420747970653d227375626d6974222076616c75653d224465636c696e65222f3e0a2020202020202020202020203c2f666f726d3e0a2020202020202020202020203c68722f3e0a2020202020202020202020203c2f6469763e0a2020202020202020202020200a2020202020202020202020203c25207d0a20202020202020202020202020202020253e0a20202020202020202020203c2f6469763e0a202020202020202020203c6469762069643d22645f72657173223e0a20202020202020202020202020203c68313e4465636c696e65642052657175657374733c2f68313e0a2020202020202020202020203c250a20202020202020207072657053746d74203d20636f6e2e7072657061726553746174656d656e7428515545525933293b0a20202020202020200a20202020202020207273203d207072657053746d742e65786563757465517565727928293b0a2020202020202020202020206966282172732e6e65787428292920253e203c703e4e6f206465636c696e656420726571756573747320746f20646973706c61792e203c2f703e203c250a20202020202020202020202072732e70726576696f757328293b0a20202020202020207768696c652872732e6e657874282929207b0a202020202020202020202020253e0a2020202020202020202020203c64697620636c6173733d22726576223e0a202020202020202020202020202020203c7020666c6f61743d226c656674223e5265762049443a203c250a202020202020202020202020696e74206964203d2072732e676574496e7428227265765f494422293b0a202020202020202020202020537472696e67206e616d6531203d2072732e676574537472696e672822757365725f6e616d6522293b0a2020202020202020202020206f75742e7072696e746c6e286964293b0a20202020202020202020202020253e0a2020202020202020202020203c7020666c6f61743d226c656674223e526576204e616d653a203c250a2020202020202020202020206f75742e7072696e746c6e286e616d6531293b0a20202020202020202020202020253e0a2020202020202020202020203c666f726d20616374696f6e3d226163636570745f72657622206e616d653d2266726d4c6f67696e22206d6574686f643d22706f737422206f6e7375626d69743d226163636570745f7265763b223e0a202020202020202020202020202020203c696e707574206e616d653d227265765f6964222073697a653d313520747970653d2268696464656e222076616c7565203d223c256f75742e7072696e746c6e286964293b253e2220666c6f61743d226c656674222f3e0a20202020202020202020202020202020203c696e707574206e616d653d2275726c222073697a653d313520747970653d2268696464656e222076616c7565203d226465636c696e65645f72657175657374732e6a73702220666c6f61743d226c656674222f3e0a202020202020202020202020202020203c696e70757420747970653d227375626d6974222076616c75653d22416363657074222f3e0a2020202020202020202020203c2f666f726d3e0a2020202020202020202020203c2f6469763e0a2020202020202020202020203c68722f3e0a2020202020202020202020203c25207d0a202020202020202020202020253e0a202020202020202020203c2f6469763e0a202020202020202020203c250a202020202020202020202020202020200a202020202020202020202020202020202020207d636174636828457863657074696f6e2065297b0a202020202020202020202020202020202020202020202053797374656d2e6f75742e7072696e746c6e28224572726f723a20222b652e6765744d6573736167652829293b0a202020202020202020202020202020202020207d0a253e2020200a2020202020202020202020200a2020202020202020200a20202020202020203c2f6469763e200a202020203c2f626f64793e0a3c2f68746d6c3e0a, 'Computer Architecture'),
(27, 69, 1, 'elewiflejf', 0x3c252d2d200a20202020446f63756d656e742020203a2061646d696e0a2020202043726561746564206f6e203a2034204e6f762c20323031322c20323a33353a323220414d0a20202020417574686f7220202020203a2056616d73690a2d2d253e0a0a3c25407061676520696d706f72743d22636f6e6e6563742e64625f636f6e6e65637422253e0a3c25407061676520696d706f72743d226a6176612e73716c2e526573756c7453657422253e0a3c25407061676520696d706f72743d226a6176612e73716c2e507265706172656453746174656d656e7422253e0a3c25407061676520696d706f72743d226a6176612e73716c2e436f6e6e656374696f6e22253e0a3c25407061676520636f6e74656e74547970653d22746578742f68746d6c222070616765456e636f64696e673d225554462d3822253e0a3c21444f43545950452068746d6c3e0a3c68746d6c3e0a202020203c686561643e0a20202020202020203c6d65746120687474702d65717569763d22436f6e74656e742d547970652220636f6e74656e743d22746578742f68746d6c3b20636861727365743d5554462d38223e0a20202020202020203c7469746c653e41646d696e2d434f4d533c2f7469746c653e0a202020203c2f686561643e0a202020203c626f64793e0a20202020202020203c250a20202020202020202020204874747053657373696f6e2073203d20726571756573742e67657453657373696f6e28293b0a2020202020202020202020732e7365744174747269627574652822757365725f6e616d65222c202261646d696e3122293b0a2020202020202020202020732e7365744174747269627574652822636f6e665f6964222c2031293b0a2020202020202020202020537472696e67206e616d65203d2028537472696e6729732e6765744174747269627574652822757365725f6e616d6522293b0a2020202020202020202020696e7420635f6964203d2028496e746567657229732e6765744174747269627574652822636f6e665f696422293b0a2020202020202020253e0a20202020202020203c68313e2057656c636f6d65203c256f75742e7072696e746c6e286e616d65293b20253e203c2f68313e0a20202020202020203c6469762069643d22726174696e677322207374796c653d22666c6f61743a206e6f6e653b2077696474683a2031303025223e200a2020202020202020202020203c68313e5468697320697320746865206c697374206f6620616c6c2074686520706170657273207375626d697474656420616c6f6e67207769746820746865697220726174696e67733c2f68313e20202020202020200a20202020202020203c250a202020202020202020537472696e672044424e414d45203d2022636f6d73223b0a202020202020202020537472696e672044425f555345524e414d45203d2022726f6f74223b0a202020202020202020537472696e672044425f50415353574f5244203d2022223b0a202020202020202020537472696e6720515545525931203d202273656c65637420726576696577732e70617065725f49442c7265762e757365725f6e616d652c6170702e757365725f6e616d652c726174696e672066726f6d207061706572732c7573657273206173207265762c207573657273206173206170702c2072657669657773207768657265207061706572732e70617065725f4944203d20726576696577732e70617065725f494420616e64207265765f4944203d207265762e757365725f494420616e64206170705f4944203d206170702e757365725f494420616e6420726576696577732e636f6e665f49443d222b635f6964202b2022206f7264657220627920726174696e67206465736322203b0a202020202020202020537472696e6720515545525932203d202273656c656374207265765f49442c7374617475732c757365725f6e616d652066726f6d207265765f7374617475732c7573657273207768657265207265765f7374617475732e7265765f4944203d2075736572732e757365725f494420616e64207265765f7374617475732e7374617475733d27496e6163746976652720616e642075736572732e636f6e665f49443d222b635f6964202b2022206f72646572206279207265765f4944206465736322203b0a202020202020202020537472696e6720515545525933203d202273656c656374207265765f49442c7374617475732c757365725f6e616d652066726f6d207265765f7374617475732c7573657273207768657265207265765f7374617475732e7265765f4944203d2075736572732e757365725f494420616e64207265765f7374617475732e7374617475733d274465636c696e65642720616e642075736572732e636f6e665f49443d222b635f69642b22206f72646572206279207265765f49442064657363223b0a202020202020202020436f6e6e656374696f6e20636f6e3b0a202020202020202020636f6e203d206e756c6c3b0a2020202020202020747279207b0a202020202020202064625f636f6e6e6563742078203d206e65772064625f636f6e6e65637428293b0a2020202020202020636f6e203d20782e636f6e6e65637428293b0a202020202020200a2020202020202020507265706172656453746174656d656e74207072657053746d74203d20636f6e2e7072657061726553746174656d656e7428515545525931293b0a2020202020202020526573756c74536574207273203d207072657053746d742e65786563757465517565727928293b0a20202020202020206966282172732e6e65787428292920253e203c703e4e6f2070617065727320746f2073686f772e203c2f703e203c250a202020202020202072732e70726576696f757328293b0a20202020202020207768696c652872732e6e657874282929207b0a2020202020202020696e74206964203d2072732e676574496e742822726576696577732e70617065725f494422293b0a2020202020202020537472696e6720726576203d2072732e676574537472696e6728227265762e757365725f6e616d6522293b0a2020202020202020537472696e6720617070203d2072732e676574537472696e6728226170702e757365725f6e616d6522293b20202020202020200a2020202020202020696e7420726174696e67203d2072732e676574496e742822726174696e6722293b0a2020202020202020253e0a2020202020202020202020203c64697620636c6173733d22706170657222207374796c653d22626f726465723a2031707820736f6c696420677261793b20666c6f61743a206c6566743b206d617267696e2d6c6566743a20313570783b2070616464696e673a2031357078223e0a202020202020202020202020202020203c703e50617065722049443a203c250a202020202020202020202020202020206f75742e7072696e746c6e286964293b0a20202020202020202020202020253e3c2f703e0a202020202020202020202020203c703e55706c6f616465642042793a203c250a202020202020202020202020202020206f75742e7072696e746c6e28617070293b0a20202020202020202020202020202020202020202020202020202020253e3c2f703e0a202020202020202020202020203c703e52657669657765642042793a203c250a202020202020202020202020202020206f75742e7072696e746c6e28726576293b0a20202020202020202020202020202020202020202020202020202020253e3c2f703e0a202020202020202020202020203c703e526174696e673a203c250a202020202020202020202020202020206f75742e7072696e746c6e28726174696e67293b0a20202020202020202020202020253e3c2f703e3c2f6469763e0a20202020202020203c25207d0a2020202020202020253e0a202020200a20202020202020203c2f6469763e0a20202020202020203c6469762069643d22705f72657173223e0a2020202020202020202020203c68313e50656e64696e672052657175657374733c2f68313e0a2020202020202020202020203c250a202020202020207072657053746d74203d20636f6e2e7072657061726553746174656d656e7428515545525932293b0a202020202020207273203d207072657053746d742e65786563757465517565727928293b0a20202020202020206966282172732e6e65787428292920253e203c703e4e6f2070656e64696e6720726571756573747320746f20646973706c61792e203c2f703e203c250a202020202020202072732e70726576696f757328293b0a20202020202020207768696c652872732e6e657874282929207b0a202020202020202020202020253e0a2020202020202020202020203c64697620636c6173733d22726576223e0a202020202020202020202020202020203c7020666c6f61743d226c656674223e5265762049443a203c250a202020202020202020202020696e74206964203d2072732e676574496e7428227265765f494422293b0a202020202020202020202020537472696e67206e616d6531203d2072732e676574537472696e672822757365725f6e616d6522293b0a2020202020202020202020206f75742e7072696e746c6e286964293b0a20202020202020202020202020253e0a2020202020202020202020203c7020666c6f61743d226c656674223e526576204e616d653a203c250a2020202020202020202020206f75742e7072696e746c6e286e616d6531293b0a20202020202020202020202020253e0a2020202020202020202020203c666f726d20616374696f6e3d226163636570745f72657622206e616d653d2266726d4c6f67696e22206d6574686f643d22706f737422206f6e7375626d69743d226163636570745f7265763b22207374796c653d22666c6f61743a206c656674223e0a202020202020202020202020202020203c696e707574206e616d653d227265765f6964222073697a653d313520747970653d2268696464656e222076616c7565203d223c256f75742e7072696e746c6e286964293b253e2220666c6f61743d226c656674222f3e0a202020202020202020202020202020203c696e707574206e616d653d2275726c222073697a653d313520747970653d2268696464656e222076616c7565203d2270656e64696e675f726571732e6a73702220666c6f61743d226c656674222f3e0a202020202020202020202020202020203c696e70757420747970653d227375626d6974222076616c75653d22416363657074222f3e0a2020202020202020202020203c2f666f726d3e0a2020202020202020202020203c666f726d20616374696f6e3d226465636c696e655f72657622206e616d653d2266726d4c6f67696e22206d6574686f643d22706f737422206f6e7375626d69743d226465636c696e655f7265763b223e0a202020202020202020202020202020203c696e707574206e616d653d227265765f6964222073697a653d313520747970653d2268696464656e222076616c7565203d223c256f75742e7072696e746c6e286964293b253e2220666c6f61743d226c656674222f3e0a202020202020202020202020202020203c696e707574206e616d653d2275726c222073697a653d313520747970653d2268696464656e222076616c7565203d2270656e64696e675f726571732e6a73702220666c6f61743d226c656674222f3e0a202020202020202020202020202020203c696e70757420747970653d227375626d6974222076616c75653d224465636c696e65222f3e0a2020202020202020202020203c2f666f726d3e0a2020202020202020202020203c68722f3e0a2020202020202020202020203c2f6469763e0a2020202020202020202020200a2020202020202020202020203c25207d0a20202020202020202020202020202020253e0a20202020202020202020203c2f6469763e0a202020202020202020203c6469762069643d22645f72657173223e0a20202020202020202020202020203c68313e4465636c696e65642052657175657374733c2f68313e0a2020202020202020202020203c250a20202020202020207072657053746d74203d20636f6e2e7072657061726553746174656d656e7428515545525933293b0a20202020202020200a20202020202020207273203d207072657053746d742e65786563757465517565727928293b0a2020202020202020202020206966282172732e6e65787428292920253e203c703e4e6f206465636c696e656420726571756573747320746f20646973706c61792e203c2f703e203c250a20202020202020202020202072732e70726576696f757328293b0a20202020202020207768696c652872732e6e657874282929207b0a202020202020202020202020253e0a2020202020202020202020203c64697620636c6173733d22726576223e0a202020202020202020202020202020203c7020666c6f61743d226c656674223e5265762049443a203c250a202020202020202020202020696e74206964203d2072732e676574496e7428227265765f494422293b0a202020202020202020202020537472696e67206e616d6531203d2072732e676574537472696e672822757365725f6e616d6522293b0a2020202020202020202020206f75742e7072696e746c6e286964293b0a20202020202020202020202020253e0a2020202020202020202020203c7020666c6f61743d226c656674223e526576204e616d653a203c250a2020202020202020202020206f75742e7072696e746c6e286e616d6531293b0a20202020202020202020202020253e0a2020202020202020202020203c666f726d20616374696f6e3d226163636570745f72657622206e616d653d2266726d4c6f67696e22206d6574686f643d22706f737422206f6e7375626d69743d226163636570745f7265763b223e0a202020202020202020202020202020203c696e707574206e616d653d227265765f6964222073697a653d313520747970653d2268696464656e222076616c7565203d223c256f75742e7072696e746c6e286964293b253e2220666c6f61743d226c656674222f3e0a20202020202020202020202020202020203c696e707574206e616d653d2275726c222073697a653d313520747970653d2268696464656e222076616c7565203d226465636c696e65645f72657175657374732e6a73702220666c6f61743d226c656674222f3e0a202020202020202020202020202020203c696e70757420747970653d227375626d6974222076616c75653d22416363657074222f3e0a2020202020202020202020203c2f666f726d3e0a2020202020202020202020203c2f6469763e0a2020202020202020202020203c68722f3e0a2020202020202020202020203c25207d0a202020202020202020202020253e0a202020202020202020203c2f6469763e0a202020202020202020203c250a202020202020202020202020202020200a202020202020202020202020202020202020207d636174636828457863657074696f6e2065297b0a202020202020202020202020202020202020202020202053797374656d2e6f75742e7072696e746c6e28224572726f723a20222b652e6765744d6573736167652829293b0a202020202020202020202020202020202020207d0a253e2020200a2020202020202020202020200a2020202020202020200a20202020202020203c2f6469763e200a202020203c2f626f64793e0a3c2f68746d6c3e0a, 'Computer Architecture'),
(28, 69, 1, 'efrewf', 0x3c252d2d200a20202020446f63756d656e742020203a2061646d696e0a2020202043726561746564206f6e203a2034204e6f762c20323031322c20323a33353a323220414d0a20202020417574686f7220202020203a2056616d73690a2d2d253e0a0a3c25407061676520696d706f72743d22636f6e6e6563742e64625f636f6e6e65637422253e0a3c25407061676520696d706f72743d226a6176612e73716c2e526573756c7453657422253e0a3c25407061676520696d706f72743d226a6176612e73716c2e507265706172656453746174656d656e7422253e0a3c25407061676520696d706f72743d226a6176612e73716c2e436f6e6e656374696f6e22253e0a3c25407061676520636f6e74656e74547970653d22746578742f68746d6c222070616765456e636f64696e673d225554462d3822253e0a3c21444f43545950452068746d6c3e0a3c68746d6c3e0a202020203c686561643e0a20202020202020203c6d65746120687474702d65717569763d22436f6e74656e742d547970652220636f6e74656e743d22746578742f68746d6c3b20636861727365743d5554462d38223e0a20202020202020203c7469746c653e41646d696e2d434f4d533c2f7469746c653e0a202020203c2f686561643e0a202020203c626f64793e0a20202020202020203c250a20202020202020202020204874747053657373696f6e2073203d20726571756573742e67657453657373696f6e28293b0a2020202020202020202020732e7365744174747269627574652822757365725f6e616d65222c202261646d696e3122293b0a2020202020202020202020732e7365744174747269627574652822636f6e665f6964222c2031293b0a2020202020202020202020537472696e67206e616d65203d2028537472696e6729732e6765744174747269627574652822757365725f6e616d6522293b0a2020202020202020202020696e7420635f6964203d2028496e746567657229732e6765744174747269627574652822636f6e665f696422293b0a2020202020202020253e0a20202020202020203c68313e2057656c636f6d65203c256f75742e7072696e746c6e286e616d65293b20253e203c2f68313e0a20202020202020203c6469762069643d22726174696e677322207374796c653d22666c6f61743a206e6f6e653b2077696474683a2031303025223e200a2020202020202020202020203c68313e5468697320697320746865206c697374206f6620616c6c2074686520706170657273207375626d697474656420616c6f6e67207769746820746865697220726174696e67733c2f68313e20202020202020200a20202020202020203c250a202020202020202020537472696e672044424e414d45203d2022636f6d73223b0a202020202020202020537472696e672044425f555345524e414d45203d2022726f6f74223b0a202020202020202020537472696e672044425f50415353574f5244203d2022223b0a202020202020202020537472696e6720515545525931203d202273656c65637420726576696577732e70617065725f49442c7265762e757365725f6e616d652c6170702e757365725f6e616d652c726174696e672066726f6d207061706572732c7573657273206173207265762c207573657273206173206170702c2072657669657773207768657265207061706572732e70617065725f4944203d20726576696577732e70617065725f494420616e64207265765f4944203d207265762e757365725f494420616e64206170705f4944203d206170702e757365725f494420616e6420726576696577732e636f6e665f49443d222b635f6964202b2022206f7264657220627920726174696e67206465736322203b0a202020202020202020537472696e6720515545525932203d202273656c656374207265765f49442c7374617475732c757365725f6e616d652066726f6d207265765f7374617475732c7573657273207768657265207265765f7374617475732e7265765f4944203d2075736572732e757365725f494420616e64207265765f7374617475732e7374617475733d27496e6163746976652720616e642075736572732e636f6e665f49443d222b635f6964202b2022206f72646572206279207265765f4944206465736322203b0a202020202020202020537472696e6720515545525933203d202273656c656374207265765f49442c7374617475732c757365725f6e616d652066726f6d207265765f7374617475732c7573657273207768657265207265765f7374617475732e7265765f4944203d2075736572732e757365725f494420616e64207265765f7374617475732e7374617475733d274465636c696e65642720616e642075736572732e636f6e665f49443d222b635f69642b22206f72646572206279207265765f49442064657363223b0a202020202020202020436f6e6e656374696f6e20636f6e3b0a202020202020202020636f6e203d206e756c6c3b0a2020202020202020747279207b0a202020202020202064625f636f6e6e6563742078203d206e65772064625f636f6e6e65637428293b0a2020202020202020636f6e203d20782e636f6e6e65637428293b0a202020202020200a2020202020202020507265706172656453746174656d656e74207072657053746d74203d20636f6e2e7072657061726553746174656d656e7428515545525931293b0a2020202020202020526573756c74536574207273203d207072657053746d742e65786563757465517565727928293b0a20202020202020206966282172732e6e65787428292920253e203c703e4e6f2070617065727320746f2073686f772e203c2f703e203c250a202020202020202072732e70726576696f757328293b0a20202020202020207768696c652872732e6e657874282929207b0a2020202020202020696e74206964203d2072732e676574496e742822726576696577732e70617065725f494422293b0a2020202020202020537472696e6720726576203d2072732e676574537472696e6728227265762e757365725f6e616d6522293b0a2020202020202020537472696e6720617070203d2072732e676574537472696e6728226170702e757365725f6e616d6522293b20202020202020200a2020202020202020696e7420726174696e67203d2072732e676574496e742822726174696e6722293b0a2020202020202020253e0a2020202020202020202020203c64697620636c6173733d22706170657222207374796c653d22626f726465723a2031707820736f6c696420677261793b20666c6f61743a206c6566743b206d617267696e2d6c6566743a20313570783b2070616464696e673a2031357078223e0a202020202020202020202020202020203c703e50617065722049443a203c250a202020202020202020202020202020206f75742e7072696e746c6e286964293b0a20202020202020202020202020253e3c2f703e0a202020202020202020202020203c703e55706c6f616465642042793a203c250a202020202020202020202020202020206f75742e7072696e746c6e28617070293b0a20202020202020202020202020202020202020202020202020202020253e3c2f703e0a202020202020202020202020203c703e52657669657765642042793a203c250a202020202020202020202020202020206f75742e7072696e746c6e28726576293b0a20202020202020202020202020202020202020202020202020202020253e3c2f703e0a202020202020202020202020203c703e526174696e673a203c250a202020202020202020202020202020206f75742e7072696e746c6e28726174696e67293b0a20202020202020202020202020253e3c2f703e3c2f6469763e0a20202020202020203c25207d0a2020202020202020253e0a202020200a20202020202020203c2f6469763e0a20202020202020203c6469762069643d22705f72657173223e0a2020202020202020202020203c68313e50656e64696e672052657175657374733c2f68313e0a2020202020202020202020203c250a202020202020207072657053746d74203d20636f6e2e7072657061726553746174656d656e7428515545525932293b0a202020202020207273203d207072657053746d742e65786563757465517565727928293b0a20202020202020206966282172732e6e65787428292920253e203c703e4e6f2070656e64696e6720726571756573747320746f20646973706c61792e203c2f703e203c250a202020202020202072732e70726576696f757328293b0a20202020202020207768696c652872732e6e657874282929207b0a202020202020202020202020253e0a2020202020202020202020203c64697620636c6173733d22726576223e0a202020202020202020202020202020203c7020666c6f61743d226c656674223e5265762049443a203c250a202020202020202020202020696e74206964203d2072732e676574496e7428227265765f494422293b0a202020202020202020202020537472696e67206e616d6531203d2072732e676574537472696e672822757365725f6e616d6522293b0a2020202020202020202020206f75742e7072696e746c6e286964293b0a20202020202020202020202020253e0a2020202020202020202020203c7020666c6f61743d226c656674223e526576204e616d653a203c250a2020202020202020202020206f75742e7072696e746c6e286e616d6531293b0a20202020202020202020202020253e0a2020202020202020202020203c666f726d20616374696f6e3d226163636570745f72657622206e616d653d2266726d4c6f67696e22206d6574686f643d22706f737422206f6e7375626d69743d226163636570745f7265763b22207374796c653d22666c6f61743a206c656674223e0a202020202020202020202020202020203c696e707574206e616d653d227265765f6964222073697a653d313520747970653d2268696464656e222076616c7565203d223c256f75742e7072696e746c6e286964293b253e2220666c6f61743d226c656674222f3e0a202020202020202020202020202020203c696e707574206e616d653d2275726c222073697a653d313520747970653d2268696464656e222076616c7565203d2270656e64696e675f726571732e6a73702220666c6f61743d226c656674222f3e0a202020202020202020202020202020203c696e70757420747970653d227375626d6974222076616c75653d22416363657074222f3e0a2020202020202020202020203c2f666f726d3e0a2020202020202020202020203c666f726d20616374696f6e3d226465636c696e655f72657622206e616d653d2266726d4c6f67696e22206d6574686f643d22706f737422206f6e7375626d69743d226465636c696e655f7265763b223e0a202020202020202020202020202020203c696e707574206e616d653d227265765f6964222073697a653d313520747970653d2268696464656e222076616c7565203d223c256f75742e7072696e746c6e286964293b253e2220666c6f61743d226c656674222f3e0a202020202020202020202020202020203c696e707574206e616d653d2275726c222073697a653d313520747970653d2268696464656e222076616c7565203d2270656e64696e675f726571732e6a73702220666c6f61743d226c656674222f3e0a202020202020202020202020202020203c696e70757420747970653d227375626d6974222076616c75653d224465636c696e65222f3e0a2020202020202020202020203c2f666f726d3e0a2020202020202020202020203c68722f3e0a2020202020202020202020203c2f6469763e0a2020202020202020202020200a2020202020202020202020203c25207d0a20202020202020202020202020202020253e0a20202020202020202020203c2f6469763e0a202020202020202020203c6469762069643d22645f72657173223e0a20202020202020202020202020203c68313e4465636c696e65642052657175657374733c2f68313e0a2020202020202020202020203c250a20202020202020207072657053746d74203d20636f6e2e7072657061726553746174656d656e7428515545525933293b0a20202020202020200a20202020202020207273203d207072657053746d742e65786563757465517565727928293b0a2020202020202020202020206966282172732e6e65787428292920253e203c703e4e6f206465636c696e656420726571756573747320746f20646973706c61792e203c2f703e203c250a20202020202020202020202072732e70726576696f757328293b0a20202020202020207768696c652872732e6e657874282929207b0a202020202020202020202020253e0a2020202020202020202020203c64697620636c6173733d22726576223e0a202020202020202020202020202020203c7020666c6f61743d226c656674223e5265762049443a203c250a202020202020202020202020696e74206964203d2072732e676574496e7428227265765f494422293b0a202020202020202020202020537472696e67206e616d6531203d2072732e676574537472696e672822757365725f6e616d6522293b0a2020202020202020202020206f75742e7072696e746c6e286964293b0a20202020202020202020202020253e0a2020202020202020202020203c7020666c6f61743d226c656674223e526576204e616d653a203c250a2020202020202020202020206f75742e7072696e746c6e286e616d6531293b0a20202020202020202020202020253e0a2020202020202020202020203c666f726d20616374696f6e3d226163636570745f72657622206e616d653d2266726d4c6f67696e22206d6574686f643d22706f737422206f6e7375626d69743d226163636570745f7265763b223e0a202020202020202020202020202020203c696e707574206e616d653d227265765f6964222073697a653d313520747970653d2268696464656e222076616c7565203d223c256f75742e7072696e746c6e286964293b253e2220666c6f61743d226c656674222f3e0a20202020202020202020202020202020203c696e707574206e616d653d2275726c222073697a653d313520747970653d2268696464656e222076616c7565203d226465636c696e65645f72657175657374732e6a73702220666c6f61743d226c656674222f3e0a202020202020202020202020202020203c696e70757420747970653d227375626d6974222076616c75653d22416363657074222f3e0a2020202020202020202020203c2f666f726d3e0a2020202020202020202020203c2f6469763e0a2020202020202020202020203c68722f3e0a2020202020202020202020203c25207d0a202020202020202020202020253e0a202020202020202020203c2f6469763e0a202020202020202020203c250a202020202020202020202020202020200a202020202020202020202020202020202020207d636174636828457863657074696f6e2065297b0a202020202020202020202020202020202020202020202053797374656d2e6f75742e7072696e746c6e28224572726f723a20222b652e6765744d6573736167652829293b0a202020202020202020202020202020202020207d0a253e2020200a2020202020202020202020200a2020202020202020200a20202020202020203c2f6469763e200a202020203c2f626f64793e0a3c2f68746d6c3e0a, 'Computer Architecture'),
(29, 1, 1, 'Good paper', 0x2f2a0d0a202a20546f206368616e676520746869732074656d706c6174652c2063686f6f736520546f6f6c73207c2054656d706c617465730d0a202a20616e64206f70656e207468652074656d706c61746520696e2074686520656469746f722e0d0a202a2f0d0a7061636b616765206163636570743b0d0a0d0a696d706f727420636f6e6e6563742e64625f636f6e6e6563743b0d0a696d706f7274206a6176612e696f2e494f457863657074696f6e3b0d0a696d706f7274206a6176612e696f2e5072696e745772697465723b0d0a696d706f7274206a6176612e73716c2e436f6e6e656374696f6e3b0d0a696d706f7274206a6176612e73716c2e507265706172656453746174656d656e743b0d0a696d706f7274206a6176612e7574696c2e6c6f6767696e672e4c6576656c3b0d0a696d706f7274206a6176612e7574696c2e6c6f6767696e672e4c6f676765723b0d0a696d706f7274206a617661782e736572766c65742e536572766c6574457863657074696f6e3b0d0a696d706f7274206a617661782e736572766c65742e616e6e6f746174696f6e2e576562536572766c65743b0d0a696d706f7274206a617661782e736572766c65742e687474702e48747470536572766c65743b0d0a696d706f7274206a617661782e736572766c65742e687474702e48747470536572766c6574526571756573743b0d0a696d706f7274206a617661782e736572766c65742e687474702e48747470536572766c6574526573706f6e73653b0d0a0d0a2f2a2a0d0a202a0d0a202a2040617574686f722056616d73690d0a202a2f0d0a40576562536572766c6574286e616d65203d20226163636570745f726576222c2075726c5061747465726e73203d207b222f6163636570745f726576227d290d0a7075626c696320636c617373206163636570745f72657620657874656e64732048747470536572766c6574207b0d0a0d0a202020202f2a2a0d0a20202020202a2050726f63657373657320726571756573747320666f7220626f746820485454500d0a20202020202a203c636f64653e4745543c2f636f64653e20616e640d0a20202020202a203c636f64653e504f53543c2f636f64653e206d6574686f64732e0d0a20202020202a0d0a20202020202a2040706172616d207265717565737420736572766c657420726571756573740d0a20202020202a2040706172616d20726573706f6e736520736572766c657420726573706f6e73650d0a20202020202a20407468726f777320536572766c6574457863657074696f6e206966206120736572766c65742d7370656369666963206572726f72206f63637572730d0a20202020202a20407468726f777320494f457863657074696f6e20696620616e20492f4f206572726f72206f63637572730d0a20202020202a2f0d0a2020202070726f74656374656420766f69642070726f63657373526571756573742848747470536572766c65745265717565737420726571756573742c2048747470536572766c6574526573706f6e736520726573706f6e7365290d0a2020202020202020202020207468726f777320536572766c6574457863657074696f6e2c20494f457863657074696f6e207b0d0a2020202020202020726573706f6e73652e736574436f6e74656e74547970652822746578742f68746d6c3b636861727365743d5554462d3822293b0d0a20202020202020205072696e74577269746572206f7574203d20726573706f6e73652e67657457726974657228293b0d0a2020202020202020747279207b0d0a2020202020202020202020202f2a20544f444f206f757470757420796f7572207061676520686572652e20596f75206d61792075736520666f6c6c6f77696e672073616d706c6520636f64652e202a2f0d0a2020202020202020202020206f75742e7072696e746c6e28223c68746d6c3e22293b0d0a2020202020202020202020206f75742e7072696e746c6e28223c686561643e22293b0d0a2020202020202020202020206f75742e7072696e746c6e28223c7469746c653e536572766c6574206163636570745f7265763c2f7469746c653e22293b2020202020202020202020200d0a2020202020202020202020206f75742e7072696e746c6e28223c2f686561643e22293b0d0a2020202020202020202020206f75742e7072696e746c6e28223c626f64793e22293b0d0a2020202020202020202020206f75742e7072696e746c6e28223c68313e536572766c6574206163636570745f7265762061742022202b20726571756573742e676574436f6e74657874506174682829202b20223c2f68313e22293b0d0a2020202020202020202020206f75742e7072696e746c6e28223c2f626f64793e22293b0d0a2020202020202020202020206f75742e7072696e746c6e28223c2f68746d6c3e22293b0d0a20202020202020207d2066696e616c6c79207b2020202020202020202020200d0a2020202020202020202020206f75742e636c6f736528293b0d0a20202020202020207d0d0a202020207d0d0a0d0a202020202f2f203c656469746f722d666f6c642064656661756c7473746174653d22636f6c6c61707365642220646573633d2248747470536572766c6574206d6574686f64732e20436c69636b206f6e20746865202b207369676e206f6e20746865206c65667420746f20656469742074686520636f64652e223e0d0a202020202f2a2a0d0a20202020202a2048616e646c65732074686520485454500d0a20202020202a203c636f64653e4745543c2f636f64653e206d6574686f642e0d0a20202020202a0d0a20202020202a2040706172616d207265717565737420736572766c657420726571756573740d0a20202020202a2040706172616d20726573706f6e736520736572766c657420726573706f6e73650d0a20202020202a20407468726f777320536572766c6574457863657074696f6e206966206120736572766c65742d7370656369666963206572726f72206f63637572730d0a20202020202a20407468726f777320494f457863657074696f6e20696620616e20492f4f206572726f72206f63637572730d0a20202020202a2f0d0a20202020404f766572726964650d0a2020202070726f74656374656420766f696420646f4765742848747470536572766c65745265717565737420726571756573742c2048747470536572766c6574526573706f6e736520726573706f6e7365290d0a2020202020202020202020207468726f777320536572766c6574457863657074696f6e2c20494f457863657074696f6e207b0d0a202020202020202070726f636573735265717565737428726571756573742c20726573706f6e7365293b0d0a202020207d0d0a0d0a202020202f2a2a0d0a20202020202a2048616e646c65732074686520485454500d0a20202020202a203c636f64653e504f53543c2f636f64653e206d6574686f642e0d0a20202020202a0d0a20202020202a2040706172616d207265717565737420736572766c657420726571756573740d0a20202020202a2040706172616d20726573706f6e736520736572766c657420726573706f6e73650d0a20202020202a20407468726f777320536572766c6574457863657074696f6e206966206120736572766c65742d7370656369666963206572726f72206f63637572730d0a20202020202a20407468726f777320494f457863657074696f6e20696620616e20492f4f206572726f72206f63637572730d0a20202020202a2f0d0a20202020404f766572726964650d0a2020202070726f74656374656420766f696420646f506f73742848747470536572766c65745265717565737420726571756573742c2048747470536572766c6574526573706f6e736520726573706f6e7365290d0a2020202020202020202020207468726f777320536572766c6574457863657074696f6e2c20494f457863657074696f6e207b0d0a20202020202020202f2f70726f636573735265717565737428726571756573742c20726573706f6e7365293b0d0a2020202020202020537472696e6720515545525931203d2022757064617465207265765f7374617475732073657420737461747573203d202741637469766527207768657265207265765f4944203d203f223b0d0a2020202020202020436f6e6e656374696f6e20636f6e3b0d0a202020202020202064625f636f6e6e6563742078203d206e65772064625f636f6e6e65637428293b0d0a20202020202020200d0a2020202020202020747279207b0d0a202020202020202020202020537472696e672069642c75726c3b0d0a2020202020202020202020206964203d20726571756573742e676574506172616d6574657228227265765f696422292e746f537472696e6728293b0d0a20202020202020202020202075726c203d20726571756573742e676574506172616d65746572282275726c22292e746f537472696e6728293b0d0a202020202020202020202020636f6e203d20782e636f6e6e65637428293b0d0a202020202020202020202020507265706172656453746174656d656e74207072657053746d74203d20636f6e2e7072657061726553746174656d656e7428515545525931293b0d0a2020202020202020202020207072657053746d742e736574537472696e6728312c6964293b0d0a2020202020202020202020207072657053746d742e6578656375746555706461746528293b0d0a202020202020202020202020726573706f6e73652e73656e6452656469726563742875726c293b0d0a20202020202020207d2063617463682028457863657074696f6e20657829207b0d0a2020202020202020202020204c6f676765722e6765744c6f67676572286163636570745f7265762e636c6173732e6765744e616d652829292e6c6f67284c6576656c2e5345564552452c206e756c6c2c206578293b0d0a20202020202020207d0d0a20202020202020200d0a20202020202020200d0a202020207d0d0a0d0a202020202f2a2a0d0a20202020202a2052657475726e7320612073686f7274206465736372697074696f6e206f662074686520736572766c65742e0d0a20202020202a0d0a20202020202a204072657475726e206120537472696e6720636f6e7461696e696e6720736572766c6574206465736372697074696f6e0d0a20202020202a2f0d0a20202020404f766572726964650d0a202020207075626c696320537472696e6720676574536572766c6574496e666f2829207b0d0a202020202020202072657475726e202253686f7274206465736372697074696f6e223b0d0a202020207d2f2f203c2f656469746f722d666f6c643e0d0a7d0d0a, 'Computational Methods');

-- --------------------------------------------------------

--
-- Table structure for table `reviews`
--

CREATE TABLE IF NOT EXISTS `reviews` (
  `rev_ID` int(11) NOT NULL,
  `paper_ID` int(11) NOT NULL,
  `conf_ID` int(11) NOT NULL,
  `rating` float DEFAULT NULL,
  `comment` varchar(200) DEFAULT 'No-Comment',
  `last_updated` timestamp NOT NULL DEFAULT CURRENT_TIMESTAMP ON UPDATE CURRENT_TIMESTAMP,
  KEY `conf_ID` (`conf_ID`),
  KEY `paper_ID` (`paper_ID`),
  KEY `rev_ID` (`rev_ID`)
) ENGINE=InnoDB DEFAULT CHARSET=latin1;

--
-- Dumping data for table `reviews`
--

INSERT INTO `reviews` (`rev_ID`, `paper_ID`, `conf_ID`, `rating`, `comment`, `last_updated`) VALUES
(33, 1, 1, NULL, 'This is a dummy comment', '2012-11-07 13:58:24'),
(31, 2, 1, NULL, 'This is a dummy comment', '2012-11-07 13:58:28'),
(32, 3, 1, 2.5, 'This is a dummy comment ', '2012-11-07 14:15:48'),
(33, 4, 1, NULL, 'This is a dummy comment', '2012-11-07 13:58:36'),
(34, 5, 1, NULL, 'This is a dummy comment', '2012-11-07 13:58:39'),
(32, 6, 1, NULL, 'This is a dummy comment', '2012-11-07 13:58:44'),
(32, 7, 1, NULL, 'This is a dummy comment', '2012-11-07 13:58:48'),
(35, 8, 1, 2.5, 'Sample edit is to be done', '2012-11-07 14:02:57'),
(32, 9, 1, 4, 'Dummy comment', '2012-11-06 20:00:47'),
(31, 1, 1, NULL, NULL, '2012-11-07 17:50:26'),
(31, 22, 1, 3.5, 'wefnk ', '2012-11-07 22:11:16'),
(31, 23, 1, 3.5, 'No-Comment ', '2012-11-07 22:06:40'),
(31, 24, 1, 2.5, 'No-Comment', '2012-11-07 19:44:59'),
(33, 25, 1, NULL, 'No-Comment', '2012-11-07 18:31:36'),
(32, 26, 1, NULL, 'No-Comment', '2012-11-07 18:33:04'),
(31, 27, 1, 4.5, 'wefnkwer', '2012-11-07 22:07:22'),
(32, 28, 1, NULL, 'No-Comment', '2012-11-07 18:33:58'),
(34, 29, 1, NULL, 'No-Comment', '2012-11-07 22:14:52');

-- --------------------------------------------------------

--
-- Table structure for table `rev_status`
--

CREATE TABLE IF NOT EXISTS `rev_status` (
  `rev_ID` int(11) NOT NULL,
  `status` enum('Active','Inactive','Declined') DEFAULT 'Inactive',
  KEY `rev_ID` (`rev_ID`)
) ENGINE=InnoDB DEFAULT CHARSET=latin1;

--
-- Dumping data for table `rev_status`
--

INSERT INTO `rev_status` (`rev_ID`, `status`) VALUES
(31, 'Active'),
(32, 'Active'),
(33, 'Declined'),
(34, 'Declined'),
(35, 'Declined'),
(68, 'Inactive'),
(70, 'Active');

-- --------------------------------------------------------

--
-- Table structure for table `rev_topics`
--

CREATE TABLE IF NOT EXISTS `rev_topics` (
  `rev_ID` int(11) NOT NULL,
  `topic` varchar(150) DEFAULT NULL,
  KEY `rev_ID` (`rev_ID`)
) ENGINE=InnoDB DEFAULT CHARSET=latin1;

--
-- Dumping data for table `rev_topics`
--

INSERT INTO `rev_topics` (`rev_ID`, `topic`) VALUES
(31, 'Computer Architecture'),
(31, 'Applied Probability'),
(32, 'Bayesian Methods'),
(32, 'Computer Architecture'),
(33, 'Aeronautical Structures'),
(33, 'Biomechanics'),
(33, 'Bioengineering'),
(34, 'Bioengineering'),
(34, 'Computational Methods'),
(35, 'Computational Methods'),
(35, 'Computer Science'),
(35, 'Bayesian Methods'),
(68, 'Applied Probability'),
(68, 'Bridges, Buildings and Industrial Facilities'),
(68, 'Climate Change'),
(70, 'Aeronautical Structures'),
(70, 'Bayesian Methods'),
(70, 'Computer Architecture');

-- --------------------------------------------------------

--
-- Table structure for table `users`
--

CREATE TABLE IF NOT EXISTS `users` (
  `user_ID` int(11) NOT NULL AUTO_INCREMENT,
  `user_name` varchar(50) DEFAULT NULL,
  `profile_name` varchar(50) DEFAULT NULL,
  `password` varchar(32) DEFAULT NULL,
  `hint` varchar(20) DEFAULT NULL,
  `phno` varchar(10) DEFAULT NULL,
  `email` varchar(40) DEFAULT NULL,
  `conf_ID` int(11) NOT NULL,
  `type` enum('admin','reviewer','applicant') DEFAULT NULL,
  PRIMARY KEY (`user_ID`),
  KEY `conf_ID` (`conf_ID`)
) ENGINE=InnoDB  DEFAULT CHARSET=latin1 AUTO_INCREMENT=71 ;

--
-- Dumping data for table `users`
--

INSERT INTO `users` (`user_ID`, `user_name`, `profile_name`, `password`, `hint`, `phno`, `email`, `conf_ID`, `type`) VALUES
(1, 'user1', 'wadwe', '123', '123', '1234567890', 'abc@xyz.com', 1, 'applicant'),
(2, 'user2', 'profile2', '123', '123', '1234567890', 'abc@xyz.com', 1, 'applicant'),
(3, 'user3', 'profile3', '123', '123', '1234567890', 'abc@xyz.com', 1, 'applicant'),
(4, 'user4', 'profile4', '123', '123', '1234567890', 'abc@xyz.com', 1, 'applicant'),
(5, 'user5', 'profile5', '123', '123', '1234567890', 'abc@xyz.com', 1, 'applicant'),
(6, 'user6', 'profile6', '123', '123', '1234567890', 'abc@xyz.com', 1, 'applicant'),
(7, 'user7', 'profile7', '123', '123', '1234567890', 'abc@xyz.com', 1, 'applicant'),
(8, 'user8', 'profile8', '123', '123', '1234567890', 'abc@xyz.com', 1, 'applicant'),
(9, 'user9', 'profile9', '123', '123', '1234567890', 'abc@xyz.com', 1, 'applicant'),
(10, 'user10', 'profile10', '123', '123', '1234567890', 'abc@xyz.com', 1, 'applicant'),
(11, 'user1', 'profile1', '123', '123', '1234567890', 'abc@xyz.com', 2, 'applicant'),
(12, 'user2', 'profile2', '123', '123', '1234567890', 'abc@xyz.com', 2, 'applicant'),
(13, 'user3', 'profile3', '123', '123', '1234567890', 'abc@xyz.com', 2, 'applicant'),
(14, 'user4', 'profile4', '123', '123', '1234567890', 'abc@xyz.com', 2, 'applicant'),
(15, 'user5', 'profile5', '123', '123', '1234567890', 'abc@xyz.com', 2, 'applicant'),
(16, 'user6', 'profile6', '123', '123', '1234567890', 'abc@xyz.com', 2, 'applicant'),
(17, 'user7', 'profile7', '123', '123', '1234567890', 'abc@xyz.com', 2, 'applicant'),
(18, 'user8', 'profile8', '123', '123', '1234567890', 'abc@xyz.com', 2, 'applicant'),
(19, 'user9', 'profile9', '123', '123', '1234567890', 'abc@xyz.com', 2, 'applicant'),
(20, 'user10', 'profile10', '123', '123', '1234567890', 'abc@xyz.com', 2, 'applicant'),
(21, 'user1', 'profile1', '123', '123', '1234567890', 'abc@xyz.com', 3, 'applicant'),
(22, 'user2', 'profile2', '123', '123', '1234567890', 'abc@xyz.com', 3, 'applicant'),
(23, 'user3', 'profile3', '123', '123', '1234567890', 'abc@xyz.com', 3, 'applicant'),
(24, 'user4', 'profile4', '123', '123', '1234567890', 'abc@xyz.com', 3, 'applicant'),
(25, 'user5', 'profile5', '123', '123', '1234567890', 'abc@xyz.com', 3, 'applicant'),
(26, 'user6', 'profile6', '123', '123', '1234567890', 'abc@xyz.com', 3, 'applicant'),
(27, 'user7', 'profile7', '123', '123', '1234567890', 'abc@xyz.com', 3, 'applicant'),
(28, 'user8', 'profile8', '123', '123', '1234567890', 'abc@xyz.com', 3, 'applicant'),
(29, 'user9', 'profile9', '123', '123', '1234567890', 'abc@xyz.com', 3, 'applicant'),
(30, 'user10', 'profile10', '123', '123', '1234567890', 'abc@xyz.com', 3, 'applicant'),
(31, 'rev1', 'revp1', '123', '123', '213456', 'abc@xyz.com', 1, 'reviewer'),
(32, 'rev2', 'revp2', '123', '123', '1234567890', 'abc@xyz.com', 1, 'reviewer'),
(33, 'rev3', 'revp3', '123', '123', '1234567890', 'abc@xyz.com', 1, 'reviewer'),
(34, 'rev4', 'revp4', '123', '123', '1234567890', 'abc@xyz.com', 1, 'reviewer'),
(35, 'rev5', 'revp5', '123', '123', '1234567890', 'abc@xyz.com', 1, 'reviewer'),
(36, 'rev1', 'revp1', '123', '123', '1234567890', 'abc@xyz.com', 2, 'reviewer'),
(37, 'rev2', 'revp2', '123', '123', '1234567890', 'abc@xyz.com', 2, 'reviewer'),
(38, 'rev3', 'revp3', '123', '123', '1234567890', 'abc@xyz.com', 2, 'reviewer'),
(39, 'rev4', 'revp4', '123', '123', '1234567890', 'abc@xyz.com', 2, 'reviewer'),
(40, 'rev5', 'revp5', '123', '123', '1234567890', 'abc@xyz.com', 2, 'reviewer'),
(56, 'rev1', 'revp1', '123', '123', '1234567890', 'abc@xyz.com', 3, 'reviewer'),
(57, 'rev2', 'revp2', '123', '123', '1234567890', 'abc@xyz.com', 3, 'reviewer'),
(58, 'rev3', 'revp3', '123', '123', '1234567890', 'abc@xyz.com', 3, 'reviewer'),
(59, 'rev4', 'revp4', '123', '123', '1234567890', 'abc@xyz.com', 3, 'reviewer'),
(60, 'rev5', 'revp5', '123', '123', '1234567890', 'abc@xyz.com', 3, 'reviewer'),
(61, 'admin1', 'adminp1', '123', '123', '12345678', 'abc@xyz.com', 1, 'admin'),
(62, 'admin2', 'adminp2', '123', '123', '1234567890', 'abc@xyz.com', 2, 'admin'),
(63, 'admin3', 'adminp3', '123', '123', '1234567890', 'abc@xyz.com', 3, 'admin'),
(64, 'admin4', 'adminp4', '123', '123', '1234567890', 'abc@xyz.com', 4, 'admin'),
(65, 'admin5', 'adminp5', '123', '123', '1234567890', 'abc@xyz.com', 5, 'admin'),
(66, 'admin6', 'adminp6', '123', '123', '1234567890', 'abc@xyz.com', 6, 'admin'),
(67, 'user11', 'profile11', '123', '123', '1234567890', 'abc@xyz.com', 1, 'applicant'),
(68, 'rev6', 'revp6', '123', '123', '1234567890', 'abc@xyz.com', 1, 'reviewer'),
(69, 'vamsi', 'Kratos', '123', '123', '1234567890', 'vamsi1vamsi2@gmail.com', 1, 'applicant'),
(70, 'vamsi7', 'Kratos', '123', '123', '1234567890', 'abc@xyz.com', 1, 'reviewer');

--
-- Constraints for dumped tables
--

--
-- Constraints for table `conf_topics`
--
ALTER TABLE `conf_topics`
  ADD CONSTRAINT `conf_topics_ibfk_1` FOREIGN KEY (`conf_ID`) REFERENCES `conference` (`conf_ID`);

--
-- Constraints for table `num_papers`
--
ALTER TABLE `num_papers`
  ADD CONSTRAINT `num_papers_ibfk_1` FOREIGN KEY (`rev_ID`) REFERENCES `users` (`user_ID`);

--
-- Constraints for table `papers`
--
ALTER TABLE `papers`
  ADD CONSTRAINT `papers_ibfk_1` FOREIGN KEY (`conf_ID`) REFERENCES `conference` (`conf_ID`);

--
-- Constraints for table `reviews`
--
ALTER TABLE `reviews`
  ADD CONSTRAINT `reviews_ibfk_1` FOREIGN KEY (`conf_ID`) REFERENCES `conference` (`conf_ID`),
  ADD CONSTRAINT `reviews_ibfk_2` FOREIGN KEY (`paper_ID`) REFERENCES `papers` (`paper_ID`),
  ADD CONSTRAINT `reviews_ibfk_3` FOREIGN KEY (`rev_ID`) REFERENCES `users` (`user_ID`);

--
-- Constraints for table `rev_status`
--
ALTER TABLE `rev_status`
  ADD CONSTRAINT `rev_status_ibfk_1` FOREIGN KEY (`rev_ID`) REFERENCES `users` (`user_ID`);

--
-- Constraints for table `rev_topics`
--
ALTER TABLE `rev_topics`
  ADD CONSTRAINT `rev_topics_ibfk_1` FOREIGN KEY (`rev_ID`) REFERENCES `users` (`user_ID`);

--
-- Constraints for table `users`
--
ALTER TABLE `users`
  ADD CONSTRAINT `users_ibfk_1` FOREIGN KEY (`conf_ID`) REFERENCES `conference` (`conf_ID`);

/*!40101 SET CHARACTER_SET_CLIENT=@OLD_CHARACTER_SET_CLIENT */;
/*!40101 SET CHARACTER_SET_RESULTS=@OLD_CHARACTER_SET_RESULTS */;
/*!40101 SET COLLATION_CONNECTION=@OLD_COLLATION_CONNECTION */;
